trade_id,task,window,symbol,horizon,entry_timestamp,bounded_end,session_close,observed_through,bars,favorable_excursion_R
STX-2025-10-27 16:24:00+00:00,Task53,X_early,STX,15m,2025-10-27T16:24:00+00:00,2025-10-27T16:39:00+00:00,2025-10-27T20:00:00+00:00,2025-10-27T16:38:00+00:00,15,0.23022529189275556
STX-2025-10-27 16:24:00+00:00,Task53,X_early,STX,30m,2025-10-27T16:24:00+00:00,2025-10-27T16:54:00+00:00,2025-10-27T20:00:00+00:00,2025-10-27T16:53:00+00:00,30,0.23022529189275556
STX-2025-10-27 16:24:00+00:00,Task53,X_early,STX,60m,2025-10-27T16:24:00+00:00,2025-10-27T17:24:00+00:00,2025-10-27T20:00:00+00:00,2025-10-27T17:23:00+00:00,60,1.7924683440223486
STX-2025-10-27 16:24:00+00:00,Task53,X_early,STX,120m,2025-10-27T16:24:00+00:00,2025-10-27T18:24:00+00:00,2025-10-27T20:00:00+00:00,2025-10-27T18:23:00+00:00,120,1.7924683440223486
STX-2025-10-27 16:24:00+00:00,Task53,X_early,STX,TO_SESSION_CLOSE,2025-10-27T16:24:00+00:00,2025-10-27T20:00:00+00:00,2025-10-27T20:00:00+00:00,2025-10-27T19:59:00+00:00,216,1.7924683440223486
QCOM-2025-10-28 14:31:00+00:00,Task53,X_early,QCOM,15m,2025-10-28T14:31:00+00:00,2025-10-28T14:46:00+00:00,2025-10-28T20:00:00+00:00,2025-10-28T14:45:00+00:00,15,0.02942411517696449
QCOM-2025-10-28 14:31:00+00:00,Task53,X_early,QCOM,30m,2025-10-28T14:31:00+00:00,2025-10-28T15:01:00+00:00,2025-10-28T20:00:00+00:00,2025-10-28T15:00:00+00:00,30,0.09357228554289056
QCOM-2025-10-28 14:31:00+00:00,Task53,X_early,QCOM,60m,2025-10-28T14:31:00+00:00,2025-10-28T15:31:00+00:00,2025-10-28T20:00:00+00:00,2025-10-28T15:30:00+00:00,60,0.1853629274145176
QCOM-2025-10-28 14:31:00+00:00,Task53,X_early,QCOM,120m,2025-10-28T14:31:00+00:00,2025-10-28T16:31:00+00:00,2025-10-28T20:00:00+00:00,2025-10-28T16:30:00+00:00,120,0.21055788842231618
QCOM-2025-10-28 14:31:00+00:00,Task53,X_early,QCOM,TO_SESSION_CLOSE,2025-10-28T14:31:00+00:00,2025-10-28T20:00:00+00:00,2025-10-28T20:00:00+00:00,2025-10-28T19:59:00+00:00,329,0.26184763047390536
KLAC-2025-10-30 15:57:00+00:00,Task53,X_early,KLAC,15m,2025-10-30T15:57:00+00:00,2025-10-30T16:12:00+00:00,2025-10-30T20:00:00+00:00,2025-10-30T16:11:00+00:00,14,1.608569501462335
KLAC-2025-10-30 15:57:00+00:00,Task53,X_early,KLAC,30m,2025-10-30T15:57:00+00:00,2025-10-30T16:27:00+00:00,2025-10-30T20:00:00+00:00,2025-10-30T16:25:00+00:00,24,3.0729944631831385
KLAC-2025-10-30 15:57:00+00:00,Task53,X_early,KLAC,60m,2025-10-30T15:57:00+00:00,2025-10-30T16:57:00+00:00,2025-10-30T20:00:00+00:00,2025-10-30T16:56:00+00:00,49,5.673863332430645
KLAC-2025-10-30 15:57:00+00:00,Task53,X_early,KLAC,120m,2025-10-30T15:57:00+00:00,2025-10-30T17:57:00+00:00,2025-10-30T20:00:00+00:00,2025-10-30T17:55:00+00:00,100,5.673863332430645
KLAC-2025-10-30 15:57:00+00:00,Task53,X_early,KLAC,TO_SESSION_CLOSE,2025-10-30T15:57:00+00:00,2025-10-30T20:00:00+00:00,2025-10-30T20:00:00+00:00,2025-10-30T19:59:00+00:00,220,8.951584823072622
AMAT-2025-10-30 16:42:00+00:00,Task53,X_early,AMAT,15m,2025-10-30T16:42:00+00:00,2025-10-30T16:57:00+00:00,2025-10-30T20:00:00+00:00,2025-10-30T16:56:00+00:00,15,0.44545454545456753
AMAT-2025-10-30 16:42:00+00:00,Task53,X_early,AMAT,30m,2025-10-30T16:42:00+00:00,2025-10-30T17:12:00+00:00,2025-10-30T20:00:00+00:00,2025-10-30T17:11:00+00:00,30,0.44545454545456753
AMAT-2025-10-30 16:42:00+00:00,Task53,X_early,AMAT,60m,2025-10-30T16:42:00+00:00,2025-10-30T17:42:00+00:00,2025-10-30T20:00:00+00:00,2025-10-30T17:41:00+00:00,60,0.44545454545456753
AMAT-2025-10-30 16:42:00+00:00,Task53,X_early,AMAT,120m,2025-10-30T16:42:00+00:00,2025-10-30T18:42:00+00:00,2025-10-30T20:00:00+00:00,2025-10-30T18:41:00+00:00,120,0.44545454545456753
AMAT-2025-10-30 16:42:00+00:00,Task53,X_early,AMAT,TO_SESSION_CLOSE,2025-10-30T16:42:00+00:00,2025-10-30T20:00:00+00:00,2025-10-30T20:00:00+00:00,2025-10-30T19:59:00+00:00,198,0.6545454545454739
AMZN-2025-10-30 16:42:00+00:00,Task53,X_early,AMZN,15m,2025-10-30T16:42:00+00:00,2025-10-30T16:57:00+00:00,2025-10-30T20:00:00+00:00,2025-10-30T16:56:00+00:00,15,1.3583227170797634
AMZN-2025-10-30 16:42:00+00:00,Task53,X_early,AMZN,30m,2025-10-30T16:42:00+00:00,2025-10-30T17:12:00+00:00,2025-10-30T20:00:00+00:00,2025-10-30T17:11:00+00:00,30,1.3583227170797634
AMZN-2025-10-30 16:42:00+00:00,Task53,X_early,AMZN,60m,2025-10-30T16:42:00+00:00,2025-10-30T17:42:00+00:00,2025-10-30T20:00:00+00:00,2025-10-30T17:41:00+00:00,60,1.3583227170797634
AMZN-2025-10-30 16:42:00+00:00,Task53,X_early,AMZN,120m,2025-10-30T16:42:00+00:00,2025-10-30T18:42:00+00:00,2025-10-30T20:00:00+00:00,2025-10-30T18:41:00+00:00,120,1.3583227170797634
AMZN-2025-10-30 16:42:00+00:00,Task53,X_early,AMZN,TO_SESSION_CLOSE,2025-10-30T16:42:00+00:00,2025-10-30T20:00:00+00:00,2025-10-30T20:00:00+00:00,2025-10-30T19:59:00+00:00,198,1.3583227170797634
GOOGL-2025-10-31 14:02:00+00:00,Task53,X_early,GOOGL,15m,2025-10-31T14:02:00+00:00,2025-10-31T14:17:00+00:00,2025-10-31T20:00:00+00:00,2025-10-31T14:16:00+00:00,15,0.11072056239014853
GOOGL-2025-10-31 14:02:00+00:00,Task53,X_early,GOOGL,30m,2025-10-31T14:02:00+00:00,2025-10-31T14:32:00+00:00,2025-10-31T20:00:00+00:00,2025-10-31T14:31:00+00:00,30,0.2636203866432365
GOOGL-2025-10-31 14:02:00+00:00,Task53,X_early,GOOGL,60m,2025-10-31T14:02:00+00:00,2025-10-31T15:02:00+00:00,2025-10-31T20:00:00+00:00,2025-10-31T15:01:00+00:00,60,0.9806678383128469
GOOGL-2025-10-31 14:02:00+00:00,Task53,X_early,GOOGL,120m,2025-10-31T14:02:00+00:00,2025-10-31T16:02:00+00:00,2025-10-31T20:00:00+00:00,2025-10-31T16:01:00+00:00,120,1.7398945518453668
GOOGL-2025-10-31 14:02:00+00:00,Task53,X_early,GOOGL,TO_SESSION_CLOSE,2025-10-31T14:02:00+00:00,2025-10-31T20:00:00+00:00,2025-10-31T20:00:00+00:00,2025-10-31T19:59:00+00:00,358,3.1318101933216482
STX-2025-10-31 14:04:00+00:00,Task53,X_early,STX,15m,2025-10-31T14:04:00+00:00,2025-10-31T14:19:00+00:00,2025-10-31T20:00:00+00:00,2025-10-31T14:18:00+00:00,15,0.7546216312232659
STX-2025-10-31 14:04:00+00:00,Task53,X_early,STX,30m,2025-10-31T14:04:00+00:00,2025-10-31T14:34:00+00:00,2025-10-31T20:00:00+00:00,2025-10-31T14:33:00+00:00,30,0.7546216312232659
STX-2025-10-31 14:04:00+00:00,Task53,X_early,STX,60m,2025-10-31T14:04:00+00:00,2025-10-31T15:04:00+00:00,2025-10-31T20:00:00+00:00,2025-10-31T15:03:00+00:00,60,0.7546216312232659
STX-2025-10-31 14:04:00+00:00,Task53,X_early,STX,120m,2025-10-31T14:04:00+00:00,2025-10-31T16:04:00+00:00,2025-10-31T20:00:00+00:00,2025-10-31T16:03:00+00:00,120,0.7546216312232659
STX-2025-10-31 14:04:00+00:00,Task53,X_early,STX,TO_SESSION_CLOSE,2025-10-31T14:04:00+00:00,2025-10-31T20:00:00+00:00,2025-10-31T20:00:00+00:00,2025-10-31T19:59:00+00:00,356,1.2406191688963313
MU-2025-10-31 16:15:00+00:00,Task53,X_early,MU,15m,2025-10-31T16:15:00+00:00,2025-10-31T16:30:00+00:00,2025-10-31T20:00:00+00:00,2025-10-31T16:29:00+00:00,15,0.18349928876245175
MU-2025-10-31 16:15:00+00:00,Task53,X_early,MU,30m,2025-10-31T16:15:00+00:00,2025-10-31T16:45:00+00:00,2025-10-31T20:00:00+00:00,2025-10-31T16:44:00+00:00,30,0.18349928876245175
MU-2025-10-31 16:15:00+00:00,Task53,X_early,MU,60m,2025-10-31T16:15:00+00:00,2025-10-31T17:15:00+00:00,2025-10-31T20:00:00+00:00,2025-10-31T17:14:00+00:00,60,0.18349928876245175
MU-2025-10-31 16:15:00+00:00,Task53,X_early,MU,120m,2025-10-31T16:15:00+00:00,2025-10-31T18:15:00+00:00,2025-10-31T20:00:00+00:00,2025-10-31T18:14:00+00:00,120,0.4651493598861969
MU-2025-10-31 16:15:00+00:00,Task53,X_early,MU,TO_SESSION_CLOSE,2025-10-31T16:15:00+00:00,2025-10-31T20:00:00+00:00,2025-10-31T20:00:00+00:00,2025-10-31T19:59:00+00:00,225,3.3279089615932183
LRCX-2025-10-31 16:25:00+00:00,Task53,X_early,LRCX,15m,2025-10-31T16:25:00+00:00,2025-10-31T16:40:00+00:00,2025-10-31T20:00:00+00:00,2025-10-31T16:39:00+00:00,15,0.0
LRCX-2025-10-31 16:25:00+00:00,Task53,X_early,LRCX,30m,2025-10-31T16:25:00+00:00,2025-10-31T16:55:00+00:00,2025-10-31T20:00:00+00:00,2025-10-31T16:54:00+00:00,30,0.0
LRCX-2025-10-31 16:25:00+00:00,Task53,X_early,LRCX,60m,2025-10-31T16:25:00+00:00,2025-10-31T17:25:00+00:00,2025-10-31T20:00:00+00:00,2025-10-31T17:24:00+00:00,60,0.0
LRCX-2025-10-31 16:25:00+00:00,Task53,X_early,LRCX,120m,2025-10-31T16:25:00+00:00,2025-10-31T18:25:00+00:00,2025-10-31T20:00:00+00:00,2025-10-31T18:24:00+00:00,120,0.0
LRCX-2025-10-31 16:25:00+00:00,Task53,X_early,LRCX,TO_SESSION_CLOSE,2025-10-31T16:25:00+00:00,2025-10-31T20:00:00+00:00,2025-10-31T20:00:00+00:00,2025-10-31T19:59:00+00:00,215,0.12390281904080848
AMD-2026-03-24 17:14:00+00:00,Task53,Y_middle,AMD,15m,2026-03-24T17:14:00+00:00,2026-03-24T17:29:00+00:00,2026-03-24T20:00:00+00:00,2026-03-24T17:28:00+00:00,15,0.723182000803577
AMD-2026-03-24 17:14:00+00:00,Task53,Y_middle,AMD,30m,2026-03-24T17:14:00+00:00,2026-03-24T17:44:00+00:00,2026-03-24T20:00:00+00:00,2026-03-24T17:43:00+00:00,30,1.3619927681800774
AMD-2026-03-24 17:14:00+00:00,Task53,Y_middle,AMD,60m,2026-03-24T17:14:00+00:00,2026-03-24T18:14:00+00:00,2026-03-24T20:00:00+00:00,2026-03-24T18:13:00+00:00,60,4.495781438328934
AMD-2026-03-24 17:14:00+00:00,Task53,Y_middle,AMD,120m,2026-03-24T17:14:00+00:00,2026-03-24T19:14:00+00:00,2026-03-24T20:00:00+00:00,2026-03-24T19:13:00+00:00,120,6.641221374046234
AMD-2026-03-24 17:14:00+00:00,Task53,Y_middle,AMD,TO_SESSION_CLOSE,2026-03-24T17:14:00+00:00,2026-03-24T20:00:00+00:00,2026-03-24T20:00:00+00:00,2026-03-24T19:59:00+00:00,166,6.930494174367679
AMD-2026-03-26 15:28:00+00:00,Task53,Y_middle,AMD,15m,2026-03-26T15:28:00+00:00,2026-03-26T15:43:00+00:00,2026-03-26T20:00:00+00:00,2026-03-26T15:42:00+00:00,15,1.1339892563977645
AMD-2026-03-26 15:28:00+00:00,Task53,Y_middle,AMD,30m,2026-03-26T15:28:00+00:00,2026-03-26T15:58:00+00:00,2026-03-26T20:00:00+00:00,2026-03-26T15:57:00+00:00,30,3.335695669793401
AMD-2026-03-26 15:28:00+00:00,Task53,Y_middle,AMD,60m,2026-03-26T15:28:00+00:00,2026-03-26T16:28:00+00:00,2026-03-26T20:00:00+00:00,2026-03-26T16:27:00+00:00,60,3.335695669793401
AMD-2026-03-26 15:28:00+00:00,Task53,Y_middle,AMD,120m,2026-03-26T15:28:00+00:00,2026-03-26T17:28:00+00:00,2026-03-26T20:00:00+00:00,2026-03-26T17:27:00+00:00,120,3.335695669793401
AMD-2026-03-26 15:28:00+00:00,Task53,Y_middle,AMD,TO_SESSION_CLOSE,2026-03-26T15:28:00+00:00,2026-03-26T20:00:00+00:00,2026-03-26T20:00:00+00:00,2026-03-26T19:59:00+00:00,272,3.335695669793401
ADBE-2026-06-03 13:52:00+00:00,Task53,Z_late,ADBE,15m,2026-06-03T13:52:00+00:00,2026-06-03T14:07:00+00:00,2026-06-03T20:00:00+00:00,2026-06-03T14:06:00+00:00,15,0.6460752604075429
ADBE-2026-06-03 13:52:00+00:00,Task53,Z_late,ADBE,30m,2026-06-03T13:52:00+00:00,2026-06-03T14:22:00+00:00,2026-06-03T20:00:00+00:00,2026-06-03T14:21:00+00:00,30,1.2103688422824892
ADBE-2026-06-03 13:52:00+00:00,Task53,Z_late,ADBE,60m,2026-06-03T13:52:00+00:00,2026-06-03T14:52:00+00:00,2026-06-03T20:00:00+00:00,2026-06-03T14:51:00+00:00,60,1.5865645635324612
ADBE-2026-06-03 13:52:00+00:00,Task53,Z_late,ADBE,120m,2026-06-03T13:52:00+00:00,2026-06-03T15:52:00+00:00,2026-06-03T20:00:00+00:00,2026-06-03T15:51:00+00:00,120,2.3389560060324053
ADBE-2026-06-03 13:52:00+00:00,Task53,Z_late,ADBE,TO_SESSION_CLOSE,2026-06-03T13:52:00+00:00,2026-06-03T20:00:00+00:00,2026-06-03T20:00:00+00:00,2026-06-03T19:59:00+00:00,368,2.829646077227985
ADI-2026-06-04 15:51:00+00:00,Task53,Z_late,ADI,15m,2026-06-04T15:51:00+00:00,2026-06-04T16:06:00+00:00,2026-06-04T20:00:00+00:00,2026-06-04T16:05:00+00:00,15,3.3175167785246953
ADI-2026-06-04 15:51:00+00:00,Task53,Z_late,ADI,30m,2026-06-04T15:51:00+00:00,2026-06-04T16:21:00+00:00,2026-06-04T20:00:00+00:00,2026-06-04T16:20:00+00:00,30,5.315436241612618
ADI-2026-06-04 15:51:00+00:00,Task53,Z_late,ADI,60m,2026-06-04T15:51:00+00:00,2026-06-04T16:51:00+00:00,2026-06-04T20:00:00+00:00,2026-06-04T16:50:00+00:00,60,9.56375838926497
ADI-2026-06-04 15:51:00+00:00,Task53,Z_late,ADI,120m,2026-06-04T15:51:00+00:00,2026-06-04T17:51:00+00:00,2026-06-04T20:00:00+00:00,2026-06-04T17:50:00+00:00,120,11.104026845641416
ADI-2026-06-04 15:51:00+00:00,Task53,Z_late,ADI,TO_SESSION_CLOSE,2026-06-04T15:51:00+00:00,2026-06-04T20:00:00+00:00,2026-06-04T20:00:00+00:00,2026-06-04T19:59:00+00:00,249,14.62751677852851
KLAC-2026-06-04 15:51:00+00:00,Task53,Z_late,KLAC,15m,2026-06-04T15:51:00+00:00,2026-06-04T16:06:00+00:00,2026-06-04T20:00:00+00:00,2026-06-04T16:05:00+00:00,15,0.2630613230323461
KLAC-2026-06-04 15:51:00+00:00,Task53,Z_late,KLAC,30m,2026-06-04T15:51:00+00:00,2026-06-04T16:21:00+00:00,2026-06-04T20:00:00+00:00,2026-06-04T16:20:00+00:00,30,0.2949299855142358
KLAC-2026-06-04 15:51:00+00:00,Task53,Z_late,KLAC,60m,2026-06-04T15:51:00+00:00,2026-06-04T16:51:00+00:00,2026-06-04T20:00:00+00:00,2026-06-04T16:50:00+00:00,60,0.8923486238531918
KLAC-2026-06-04 15:51:00+00:00,Task53,Z_late,KLAC,120m,2026-06-04T15:51:00+00:00,2026-06-04T17:51:00+00:00,2026-06-04T20:00:00+00:00,2026-06-04T17:50:00+00:00,120,1.3669570255914723
KLAC-2026-06-04 15:51:00+00:00,Task53,Z_late,KLAC,TO_SESSION_CLOSE,2026-06-04T15:51:00+00:00,2026-06-04T20:00:00+00:00,2026-06-04T20:00:00+00:00,2026-06-04T19:59:00+00:00,249,2.14910671173343
KLAC-2026-06-05 13:51:00+00:00,Task53,Z_late,KLAC,15m,2026-06-05T13:51:00+00:00,2026-06-05T14:06:00+00:00,2026-06-05T20:00:00+00:00,2026-06-05T14:05:00+00:00,15,1.3340220323750134
KLAC-2026-06-05 13:51:00+00:00,Task53,Z_late,KLAC,30m,2026-06-05T13:51:00+00:00,2026-06-05T14:21:00+00:00,2026-06-05T20:00:00+00:00,2026-06-05T14:20:00+00:00,30,2.786952146749686
KLAC-2026-06-05 13:51:00+00:00,Task53,Z_late,KLAC,60m,2026-06-05T13:51:00+00:00,2026-06-05T14:51:00+00:00,2026-06-05T20:00:00+00:00,2026-06-05T14:50:00+00:00,60,2.786952146749686
KLAC-2026-06-05 13:51:00+00:00,Task53,Z_late,KLAC,120m,2026-06-05T13:51:00+00:00,2026-06-05T15:51:00+00:00,2026-06-05T20:00:00+00:00,2026-06-05T15:50:00+00:00,120,2.786952146749686
KLAC-2026-06-05 13:51:00+00:00,Task53,Z_late,KLAC,TO_SESSION_CLOSE,2026-06-05T13:51:00+00:00,2026-06-05T20:00:00+00:00,2026-06-05T20:00:00+00:00,2026-06-05T19:59:00+00:00,369,2.786952146749686
CSCO-2026-06-05 16:50:00+00:00,Task53,Z_late,CSCO,15m,2026-06-05T16:50:00+00:00,2026-06-05T17:05:00+00:00,2026-06-05T20:00:00+00:00,2026-06-05T17:04:00+00:00,15,2.318902407154849
CSCO-2026-06-05 16:50:00+00:00,Task53,Z_late,CSCO,30m,2026-06-05T16:50:00+00:00,2026-06-05T17:20:00+00:00,2026-06-05T20:00:00+00:00,2026-06-05T17:19:00+00:00,30,2.318902407154849
CSCO-2026-06-05 16:50:00+00:00,Task53,Z_late,CSCO,60m,2026-06-05T16:50:00+00:00,2026-06-05T17:50:00+00:00,2026-06-05T20:00:00+00:00,2026-06-05T17:49:00+00:00,60,3.1909682696746824
CSCO-2026-06-05 16:50:00+00:00,Task53,Z_late,CSCO,120m,2026-06-05T16:50:00+00:00,2026-06-05T18:50:00+00:00,2026-06-05T20:00:00+00:00,2026-06-05T18:49:00+00:00,120,3.1909682696746824
CSCO-2026-06-05 16:50:00+00:00,Task53,Z_late,CSCO,TO_SESSION_CLOSE,2026-06-05T16:50:00+00:00,2026-06-05T20:00:00+00:00,2026-06-05T20:00:00+00:00,2026-06-05T19:59:00+00:00,190,3.1909682696746824
VRTX-2026-06-08 16:37:00+00:00,Task53,Z_late,VRTX,15m,2026-06-08T16:37:00+00:00,2026-06-08T16:52:00+00:00,2026-06-08T20:00:00+00:00,2026-06-08T16:51:00+00:00,15,1.918181818181791
VRTX-2026-06-08 16:37:00+00:00,Task53,Z_late,VRTX,30m,2026-06-08T16:37:00+00:00,2026-06-08T17:07:00+00:00,2026-06-08T20:00:00+00:00,2026-06-08T17:06:00+00:00,30,2.1636363636363147
VRTX-2026-06-08 16:37:00+00:00,Task53,Z_late,VRTX,60m,2026-06-08T16:37:00+00:00,2026-06-08T17:37:00+00:00,2026-06-08T20:00:00+00:00,2026-06-08T17:36:00+00:00,59,2.1636363636363147
VRTX-2026-06-08 16:37:00+00:00,Task53,Z_late,VRTX,120m,2026-06-08T16:37:00+00:00,2026-06-08T18:37:00+00:00,2026-06-08T20:00:00+00:00,2026-06-08T18:36:00+00:00,119,2.1636363636363147
VRTX-2026-06-08 16:37:00+00:00,Task53,Z_late,VRTX,TO_SESSION_CLOSE,2026-06-08T16:37:00+00:00,2026-06-08T20:00:00+00:00,2026-06-08T20:00:00+00:00,2026-06-08T19:59:00+00:00,202,2.1636363636363147
AMAT-2025-10-03 17:56:00+00:00,Task54,W1,AMAT,15m,2025-10-03T17:56:00+00:00,2025-10-03T18:11:00+00:00,2025-10-03T20:00:00+00:00,2025-10-03T18:10:00+00:00,15,2.0571086463903683
AMAT-2025-10-03 17:56:00+00:00,Task54,W1,AMAT,30m,2025-10-03T17:56:00+00:00,2025-10-03T18:26:00+00:00,2025-10-03T20:00:00+00:00,2025-10-03T18:25:00+00:00,30,2.960229515537401
AMAT-2025-10-03 17:56:00+00:00,Task54,W1,AMAT,60m,2025-10-03T17:56:00+00:00,2025-10-03T18:56:00+00:00,2025-10-03T20:00:00+00:00,2025-10-03T18:55:00+00:00,60,3.913272899395561
AMAT-2025-10-03 17:56:00+00:00,Task54,W1,AMAT,120m,2025-10-03T17:56:00+00:00,2025-10-03T19:56:00+00:00,2025-10-03T20:00:00+00:00,2025-10-03T19:55:00+00:00,120,4.23965074682896
AMAT-2025-10-03 17:56:00+00:00,Task54,W1,AMAT,TO_SESSION_CLOSE,2025-10-03T17:56:00+00:00,2025-10-03T20:00:00+00:00,2025-10-03T20:00:00+00:00,2025-10-03T19:59:00+00:00,124,4.23965074682896
STX-2025-10-06 18:52:00+00:00,Task54,W1,STX,15m,2025-10-06T18:52:00+00:00,2025-10-06T19:07:00+00:00,2025-10-06T20:00:00+00:00,2025-10-06T19:06:00+00:00,15,0.2888579215370275
STX-2025-10-06 18:52:00+00:00,Task54,W1,STX,30m,2025-10-06T18:52:00+00:00,2025-10-06T19:22:00+00:00,2025-10-06T20:00:00+00:00,2025-10-06T19:21:00+00:00,30,0.2888579215370275
STX-2025-10-06 18:52:00+00:00,Task54,W1,STX,60m,2025-10-06T18:52:00+00:00,2025-10-06T19:52:00+00:00,2025-10-06T20:00:00+00:00,2025-10-06T19:51:00+00:00,60,0.2888579215370275
STX-2025-10-06 18:52:00+00:00,Task54,W1,STX,120m,2025-10-06T18:52:00+00:00,2025-10-06T20:00:00+00:00,2025-10-06T20:00:00+00:00,2025-10-06T19:59:00+00:00,68,0.2888579215370275
STX-2025-10-06 18:52:00+00:00,Task54,W1,STX,TO_SESSION_CLOSE,2025-10-06T18:52:00+00:00,2025-10-06T20:00:00+00:00,2025-10-06T20:00:00+00:00,2025-10-06T19:59:00+00:00,68,0.2888579215370275
LRCX-2025-10-07 15:53:00+00:00,Task54,W1,LRCX,15m,2025-10-07T15:53:00+00:00,2025-10-07T16:08:00+00:00,2025-10-07T20:00:00+00:00,2025-10-07T16:07:00+00:00,15,1.5150067694788998
LRCX-2025-10-07 15:53:00+00:00,Task54,W1,LRCX,30m,2025-10-07T15:53:00+00:00,2025-10-07T16:23:00+00:00,2025-10-07T20:00:00+00:00,2025-10-07T16:22:00+00:00,30,1.5150067694788998
LRCX-2025-10-07 15:53:00+00:00,Task54,W1,LRCX,60m,2025-10-07T15:53:00+00:00,2025-10-07T16:53:00+00:00,2025-10-07T20:00:00+00:00,2025-10-07T16:52:00+00:00,60,1.5150067694788998
LRCX-2025-10-07 15:53:00+00:00,Task54,W1,LRCX,120m,2025-10-07T15:53:00+00:00,2025-10-07T17:53:00+00:00,2025-10-07T20:00:00+00:00,2025-10-07T17:52:00+00:00,120,1.5150067694788998
LRCX-2025-10-07 15:53:00+00:00,Task54,W1,LRCX,TO_SESSION_CLOSE,2025-10-07T15:53:00+00:00,2025-10-07T20:00:00+00:00,2025-10-07T20:00:00+00:00,2025-10-07T19:59:00+00:00,247,1.5150067694788998
MU-2025-10-07 15:53:00+00:00,Task54,W1,MU,15m,2025-10-07T15:53:00+00:00,2025-10-07T16:08:00+00:00,2025-10-07T20:00:00+00:00,2025-10-07T16:07:00+00:00,15,2.770239857963575
MU-2025-10-07 15:53:00+00:00,Task54,W1,MU,30m,2025-10-07T15:53:00+00:00,2025-10-07T16:23:00+00:00,2025-10-07T20:00:00+00:00,2025-10-07T16:22:00+00:00,30,2.770239857963575
MU-2025-10-07 15:53:00+00:00,Task54,W1,MU,60m,2025-10-07T15:53:00+00:00,2025-10-07T16:53:00+00:00,2025-10-07T20:00:00+00:00,2025-10-07T16:52:00+00:00,60,2.8007288044423184
MU-2025-10-07 15:53:00+00:00,Task54,W1,MU,120m,2025-10-07T15:53:00+00:00,2025-10-07T17:53:00+00:00,2025-10-07T20:00:00+00:00,2025-10-07T17:52:00+00:00,120,2.8007288044423184
MU-2025-10-07 15:53:00+00:00,Task54,W1,MU,TO_SESSION_CLOSE,2025-10-07T15:53:00+00:00,2025-10-07T20:00:00+00:00,2025-10-07T20:00:00+00:00,2025-10-07T19:59:00+00:00,247,2.8007288044423184
INTC-2025-10-07 15:55:00+00:00,Task54,W1,INTC,15m,2025-10-07T15:55:00+00:00,2025-10-07T16:10:00+00:00,2025-10-07T20:00:00+00:00,2025-10-07T16:09:00+00:00,15,0.8151739350213568
INTC-2025-10-07 15:55:00+00:00,Task54,W1,INTC,30m,2025-10-07T15:55:00+00:00,2025-10-07T16:25:00+00:00,2025-10-07T20:00:00+00:00,2025-10-07T16:24:00+00:00,30,0.8151739350213568
INTC-2025-10-07 15:55:00+00:00,Task54,W1,INTC,60m,2025-10-07T15:55:00+00:00,2025-10-07T16:55:00+00:00,2025-10-07T20:00:00+00:00,2025-10-07T16:54:00+00:00,60,1.4286567712880673
INTC-2025-10-07 15:55:00+00:00,Task54,W1,INTC,120m,2025-10-07T15:55:00+00:00,2025-10-07T17:55:00+00:00,2025-10-07T20:00:00+00:00,2025-10-07T17:54:00+00:00,120,1.6284178116814296
INTC-2025-10-07 15:55:00+00:00,Task54,W1,INTC,TO_SESSION_CLOSE,2025-10-07T15:55:00+00:00,2025-10-07T20:00:00+00:00,2025-10-07T20:00:00+00:00,2025-10-07T19:59:00+00:00,245,1.6284178116814296
AMAT-2025-10-07 15:57:00+00:00,Task54,W1,AMAT,15m,2025-10-07T15:57:00+00:00,2025-10-07T16:12:00+00:00,2025-10-07T20:00:00+00:00,2025-10-07T16:11:00+00:00,15,1.9035493855178647
AMAT-2025-10-07 15:57:00+00:00,Task54,W1,AMAT,30m,2025-10-07T15:57:00+00:00,2025-10-07T16:27:00+00:00,2025-10-07T20:00:00+00:00,2025-10-07T16:26:00+00:00,30,1.9035493855178647
AMAT-2025-10-07 15:57:00+00:00,Task54,W1,AMAT,60m,2025-10-07T15:57:00+00:00,2025-10-07T16:57:00+00:00,2025-10-07T20:00:00+00:00,2025-10-07T16:56:00+00:00,60,1.9035493855178647
AMAT-2025-10-07 15:57:00+00:00,Task54,W1,AMAT,120m,2025-10-07T15:57:00+00:00,2025-10-07T17:57:00+00:00,2025-10-07T20:00:00+00:00,2025-10-07T17:56:00+00:00,120,1.9035493855178647
AMAT-2025-10-07 15:57:00+00:00,Task54,W1,AMAT,TO_SESSION_CLOSE,2025-10-07T15:57:00+00:00,2025-10-07T20:00:00+00:00,2025-10-07T20:00:00+00:00,2025-10-07T19:59:00+00:00,243,1.9035493855178647
AMAT-2025-10-07 18:07:00+00:00,Task54,W1,AMAT,15m,2025-10-07T18:07:00+00:00,2025-10-07T18:22:00+00:00,2025-10-07T20:00:00+00:00,2025-10-07T18:21:00+00:00,15,0.554149872523775
AMAT-2025-10-07 18:07:00+00:00,Task54,W1,AMAT,30m,2025-10-07T18:07:00+00:00,2025-10-07T18:37:00+00:00,2025-10-07T20:00:00+00:00,2025-10-07T18:36:00+00:00,30,0.554149872523775
AMAT-2025-10-07 18:07:00+00:00,Task54,W1,AMAT,60m,2025-10-07T18:07:00+00:00,2025-10-07T19:07:00+00:00,2025-10-07T20:00:00+00:00,2025-10-07T19:06:00+00:00,60,0.554149872523775
AMAT-2025-10-07 18:07:00+00:00,Task54,W1,AMAT,120m,2025-10-07T18:07:00+00:00,2025-10-07T20:00:00+00:00,2025-10-07T20:00:00+00:00,2025-10-07T19:59:00+00:00,113,0.554149872523775
AMAT-2025-10-07 18:07:00+00:00,Task54,W1,AMAT,TO_SESSION_CLOSE,2025-10-07T18:07:00+00:00,2025-10-07T20:00:00+00:00,2025-10-07T20:00:00+00:00,2025-10-07T19:59:00+00:00,113,0.554149872523775
MU-2025-10-09 17:01:00+00:00,Task54,W1,MU,15m,2025-10-09T17:01:00+00:00,2025-10-09T17:16:00+00:00,2025-10-09T20:00:00+00:00,2025-10-09T17:15:00+00:00,15,0.7931034482761797
MU-2025-10-09 17:01:00+00:00,Task54,W1,MU,30m,2025-10-09T17:01:00+00:00,2025-10-09T17:31:00+00:00,2025-10-09T20:00:00+00:00,2025-10-09T17:30:00+00:00,30,0.7931034482761797
MU-2025-10-09 17:01:00+00:00,Task54,W1,MU,60m,2025-10-09T17:01:00+00:00,2025-10-09T18:01:00+00:00,2025-10-09T20:00:00+00:00,2025-10-09T18:00:00+00:00,60,0.7931034482761797
MU-2025-10-09 17:01:00+00:00,Task54,W1,MU,120m,2025-10-09T17:01:00+00:00,2025-10-09T19:01:00+00:00,2025-10-09T20:00:00+00:00,2025-10-09T19:00:00+00:00,120,0.7931034482761797
MU-2025-10-09 17:01:00+00:00,Task54,W1,MU,TO_SESSION_CLOSE,2025-10-09T17:01:00+00:00,2025-10-09T20:00:00+00:00,2025-10-09T20:00:00+00:00,2025-10-09T19:59:00+00:00,179,12.103448275865928
AVGO-2025-10-14 18:04:00+00:00,Task54,W1,AVGO,15m,2025-10-14T18:04:00+00:00,2025-10-14T18:19:00+00:00,2025-10-14T20:00:00+00:00,2025-10-14T18:18:00+00:00,15,2.3929865251423506
AVGO-2025-10-14 18:04:00+00:00,Task54,W1,AVGO,30m,2025-10-14T18:04:00+00:00,2025-10-14T18:34:00+00:00,2025-10-14T20:00:00+00:00,2025-10-14T18:33:00+00:00,30,3.854314336704092
AVGO-2025-10-14 18:04:00+00:00,Task54,W1,AVGO,60m,2025-10-14T18:04:00+00:00,2025-10-14T19:04:00+00:00,2025-10-14T20:00:00+00:00,2025-10-14T19:03:00+00:00,60,3.854314336704092
AVGO-2025-10-14 18:04:00+00:00,Task54,W1,AVGO,120m,2025-10-14T18:04:00+00:00,2025-10-14T20:00:00+00:00,2025-10-14T20:00:00+00:00,2025-10-14T19:59:00+00:00,116,4.448706493049817
AVGO-2025-10-14 18:04:00+00:00,Task54,W1,AVGO,TO_SESSION_CLOSE,2025-10-14T18:04:00+00:00,2025-10-14T20:00:00+00:00,2025-10-14T20:00:00+00:00,2025-10-14T19:59:00+00:00,116,4.448706493049817
LRCX-2025-10-16 14:03:00+00:00,Task54,W1,LRCX,15m,2025-10-16T14:03:00+00:00,2025-10-16T14:18:00+00:00,2025-10-16T20:00:00+00:00,2025-10-16T14:17:00+00:00,15,0.48207171314740394
LRCX-2025-10-16 14:03:00+00:00,Task54,W1,LRCX,30m,2025-10-16T14:03:00+00:00,2025-10-16T14:33:00+00:00,2025-10-16T20:00:00+00:00,2025-10-16T14:32:00+00:00,30,0.4980079681274918
LRCX-2025-10-16 14:03:00+00:00,Task54,W1,LRCX,60m,2025-10-16T14:03:00+00:00,2025-10-16T15:03:00+00:00,2025-10-16T20:00:00+00:00,2025-10-16T15:02:00+00:00,60,0.8804780876493974
LRCX-2025-10-16 14:03:00+00:00,Task54,W1,LRCX,120m,2025-10-16T14:03:00+00:00,2025-10-16T16:03:00+00:00,2025-10-16T20:00:00+00:00,2025-10-16T16:02:00+00:00,120,0.8804780876493974
LRCX-2025-10-16 14:03:00+00:00,Task54,W1,LRCX,TO_SESSION_CLOSE,2025-10-16T14:03:00+00:00,2025-10-16T20:00:00+00:00,2025-10-16T20:00:00+00:00,2025-10-16T19:59:00+00:00,357,0.8804780876493974
MU-2025-10-22 14:41:00+00:00,Task54,W1,MU,15m,2025-10-22T14:41:00+00:00,2025-10-22T14:56:00+00:00,2025-10-22T20:00:00+00:00,2025-10-22T14:55:00+00:00,15,0.16073963519463097
MU-2025-10-22 14:41:00+00:00,Task54,W1,MU,30m,2025-10-22T14:41:00+00:00,2025-10-22T15:11:00+00:00,2025-10-22T20:00:00+00:00,2025-10-22T15:10:00+00:00,30,0.8679940300509769
MU-2025-10-22 14:41:00+00:00,Task54,W1,MU,60m,2025-10-22T14:41:00+00:00,2025-10-22T15:41:00+00:00,2025-10-22T20:00:00+00:00,2025-10-22T15:40:00+00:00,60,0.8679940300509769
MU-2025-10-22 14:41:00+00:00,Task54,W1,MU,120m,2025-10-22T14:41:00+00:00,2025-10-22T16:41:00+00:00,2025-10-22T20:00:00+00:00,2025-10-22T16:40:00+00:00,120,0.8679940300509769
MU-2025-10-22 14:41:00+00:00,Task54,W1,MU,TO_SESSION_CLOSE,2025-10-22T14:41:00+00:00,2025-10-22T20:00:00+00:00,2025-10-22T20:00:00+00:00,2025-10-22T19:59:00+00:00,319,1.009123429751852
KLAC-2025-10-22 16:34:00+00:00,Task54,W1,KLAC,15m,2025-10-22T16:34:00+00:00,2025-10-22T16:49:00+00:00,2025-10-22T20:00:00+00:00,2025-10-22T16:48:00+00:00,13,2.1331734196084486
KLAC-2025-10-22 16:34:00+00:00,Task54,W1,KLAC,30m,2025-10-22T16:34:00+00:00,2025-10-22T17:04:00+00:00,2025-10-22T20:00:00+00:00,2025-10-22T17:03:00+00:00,27,2.1331734196084486
KLAC-2025-10-22 16:34:00+00:00,Task54,W1,KLAC,60m,2025-10-22T16:34:00+00:00,2025-10-22T17:34:00+00:00,2025-10-22T20:00:00+00:00,2025-10-22T17:33:00+00:00,53,2.1331734196084486
KLAC-2025-10-22 16:34:00+00:00,Task54,W1,KLAC,120m,2025-10-22T16:34:00+00:00,2025-10-22T18:34:00+00:00,2025-10-22T20:00:00+00:00,2025-10-22T18:33:00+00:00,107,2.1331734196084486
KLAC-2025-10-22 16:34:00+00:00,Task54,W1,KLAC,TO_SESSION_CLOSE,2025-10-22T16:34:00+00:00,2025-10-22T20:00:00+00:00,2025-10-22T20:00:00+00:00,2025-10-22T19:59:00+00:00,182,4.284896173300538
INTC-2025-12-04 16:07:00+00:00,Task54,W2,INTC,15m,2025-12-04T16:07:00+00:00,2025-12-04T16:22:00+00:00,2025-12-04T21:00:00+00:00,2025-12-04T16:21:00+00:00,15,1.830831172385799
INTC-2025-12-04 16:07:00+00:00,Task54,W2,INTC,30m,2025-12-04T16:07:00+00:00,2025-12-04T16:37:00+00:00,2025-12-04T21:00:00+00:00,2025-12-04T16:36:00+00:00,30,2.781423586287694
INTC-2025-12-04 16:07:00+00:00,Task54,W2,INTC,60m,2025-12-04T16:07:00+00:00,2025-12-04T17:07:00+00:00,2025-12-04T21:00:00+00:00,2025-12-04T17:06:00+00:00,60,2.781423586287694
INTC-2025-12-04 16:07:00+00:00,Task54,W2,INTC,120m,2025-12-04T16:07:00+00:00,2025-12-04T18:07:00+00:00,2025-12-04T21:00:00+00:00,2025-12-04T18:06:00+00:00,120,2.781423586287694
INTC-2025-12-04 16:07:00+00:00,Task54,W2,INTC,TO_SESSION_CLOSE,2025-12-04T16:07:00+00:00,2025-12-04T21:00:00+00:00,2025-12-04T21:00:00+00:00,2025-12-04T20:59:00+00:00,293,2.781423586287694
AMAT-2025-12-05 17:43:00+00:00,Task54,W2,AMAT,15m,2025-12-05T17:43:00+00:00,2025-12-05T17:58:00+00:00,2025-12-05T21:00:00+00:00,2025-12-05T17:57:00+00:00,15,0.5643400947665552
AMAT-2025-12-05 17:43:00+00:00,Task54,W2,AMAT,30m,2025-12-05T17:43:00+00:00,2025-12-05T18:13:00+00:00,2025-12-05T21:00:00+00:00,2025-12-05T18:12:00+00:00,30,0.606931800031947
AMAT-2025-12-05 17:43:00+00:00,Task54,W2,AMAT,60m,2025-12-05T17:43:00+00:00,2025-12-05T18:43:00+00:00,2025-12-05T21:00:00+00:00,2025-12-05T18:42:00+00:00,60,0.8997497737315802
AMAT-2025-12-05 17:43:00+00:00,Task54,W2,AMAT,120m,2025-12-05T17:43:00+00:00,2025-12-05T19:43:00+00:00,2025-12-05T21:00:00+00:00,2025-12-05T19:42:00+00:00,120,0.8997497737315802
AMAT-2025-12-05 17:43:00+00:00,Task54,W2,AMAT,TO_SESSION_CLOSE,2025-12-05T17:43:00+00:00,2025-12-05T21:00:00+00:00,2025-12-05T21:00:00+00:00,2025-12-05T20:59:00+00:00,197,0.8997497737315802
INTC-2025-12-08 15:05:00+00:00,Task54,W2,INTC,15m,2025-12-08T15:05:00+00:00,2025-12-08T15:20:00+00:00,2025-12-08T21:00:00+00:00,2025-12-08T15:19:00+00:00,15,4.4999999999986295
INTC-2025-12-08 15:05:00+00:00,Task54,W2,INTC,30m,2025-12-08T15:05:00+00:00,2025-12-08T15:35:00+00:00,2025-12-08T21:00:00+00:00,2025-12-08T15:34:00+00:00,30,4.4999999999986295
INTC-2025-12-08 15:05:00+00:00,Task54,W2,INTC,60m,2025-12-08T15:05:00+00:00,2025-12-08T16:05:00+00:00,2025-12-08T21:00:00+00:00,2025-12-08T16:04:00+00:00,60,4.4999999999986295
INTC-2025-12-08 15:05:00+00:00,Task54,W2,INTC,120m,2025-12-08T15:05:00+00:00,2025-12-08T17:05:00+00:00,2025-12-08T21:00:00+00:00,2025-12-08T17:04:00+00:00,120,4.4999999999986295
INTC-2025-12-08 15:05:00+00:00,Task54,W2,INTC,TO_SESSION_CLOSE,2025-12-08T15:05:00+00:00,2025-12-08T21:00:00+00:00,2025-12-08T21:00:00+00:00,2025-12-08T20:59:00+00:00,355,4.4999999999986295
AVGO-2025-12-11 15:03:00+00:00,Task54,W2,AVGO,15m,2025-12-11T15:03:00+00:00,2025-12-11T15:18:00+00:00,2025-12-11T21:00:00+00:00,2025-12-11T15:17:00+00:00,15,1.6801475554481218
AVGO-2025-12-11 15:03:00+00:00,Task54,W2,AVGO,30m,2025-12-11T15:03:00+00:00,2025-12-11T15:33:00+00:00,2025-12-11T21:00:00+00:00,2025-12-11T15:32:00+00:00,30,2.469531255456036
AVGO-2025-12-11 15:03:00+00:00,Task54,W2,AVGO,60m,2025-12-11T15:03:00+00:00,2025-12-11T16:03:00+00:00,2025-12-11T21:00:00+00:00,2025-12-11T16:02:00+00:00,60,2.469531255456036
AVGO-2025-12-11 15:03:00+00:00,Task54,W2,AVGO,120m,2025-12-11T15:03:00+00:00,2025-12-11T17:03:00+00:00,2025-12-11T21:00:00+00:00,2025-12-11T17:02:00+00:00,120,2.469531255456036
AVGO-2025-12-11 15:03:00+00:00,Task54,W2,AVGO,TO_SESSION_CLOSE,2025-12-11T15:03:00+00:00,2025-12-11T21:00:00+00:00,2025-12-11T21:00:00+00:00,2025-12-11T20:59:00+00:00,357,6.183046877159152
LRCX-2025-12-11 15:03:00+00:00,Task54,W2,LRCX,15m,2025-12-11T15:03:00+00:00,2025-12-11T15:18:00+00:00,2025-12-11T21:00:00+00:00,2025-12-11T15:17:00+00:00,15,3.621103296172919
LRCX-2025-12-11 15:03:00+00:00,Task54,W2,LRCX,30m,2025-12-11T15:03:00+00:00,2025-12-11T15:33:00+00:00,2025-12-11T21:00:00+00:00,2025-12-11T15:32:00+00:00,30,4.314030470131937
LRCX-2025-12-11 15:03:00+00:00,Task54,W2,LRCX,60m,2025-12-11T15:03:00+00:00,2025-12-11T16:03:00+00:00,2025-12-11T21:00:00+00:00,2025-12-11T16:02:00+00:00,60,4.314030470131937
LRCX-2025-12-11 15:03:00+00:00,Task54,W2,LRCX,120m,2025-12-11T15:03:00+00:00,2025-12-11T17:03:00+00:00,2025-12-11T21:00:00+00:00,2025-12-11T17:02:00+00:00,120,5.789294775980151
LRCX-2025-12-11 15:03:00+00:00,Task54,W2,LRCX,TO_SESSION_CLOSE,2025-12-11T15:03:00+00:00,2025-12-11T21:00:00+00:00,2025-12-11T21:00:00+00:00,2025-12-11T20:59:00+00:00,357,8.929819548278264
STX-2025-12-12 16:40:00+00:00,Task54,W2,STX,15m,2025-12-12T16:40:00+00:00,2025-12-12T16:55:00+00:00,2025-12-12T21:00:00+00:00,2025-12-12T16:54:00+00:00,15,3.5679024770984964
STX-2025-12-12 16:40:00+00:00,Task54,W2,STX,30m,2025-12-12T16:40:00+00:00,2025-12-12T17:10:00+00:00,2025-12-12T21:00:00+00:00,2025-12-12T17:09:00+00:00,30,7.47204707245756
STX-2025-12-12 16:40:00+00:00,Task54,W2,STX,60m,2025-12-12T16:40:00+00:00,2025-12-12T17:40:00+00:00,2025-12-12T21:00:00+00:00,2025-12-12T17:39:00+00:00,60,7.495272685441125
STX-2025-12-12 16:40:00+00:00,Task54,W2,STX,120m,2025-12-12T16:40:00+00:00,2025-12-12T18:40:00+00:00,2025-12-12T21:00:00+00:00,2025-12-12T18:39:00+00:00,119,8.088490955935315
STX-2025-12-12 16:40:00+00:00,Task54,W2,STX,TO_SESSION_CLOSE,2025-12-12T16:40:00+00:00,2025-12-12T21:00:00+00:00,2025-12-12T21:00:00+00:00,2025-12-12T20:59:00+00:00,259,8.088490955935315
AMAT-2026-04-23 17:48:00+00:00,Task54,W3,AMAT,15m,2026-04-23T17:48:00+00:00,2026-04-23T18:03:00+00:00,2026-04-23T20:00:00+00:00,2026-04-23T18:02:00+00:00,15,1.4237749546279117
AMAT-2026-04-23 17:48:00+00:00,Task54,W3,AMAT,30m,2026-04-23T17:48:00+00:00,2026-04-23T18:18:00+00:00,2026-04-23T20:00:00+00:00,2026-04-23T18:17:00+00:00,30,1.4237749546279117
AMAT-2026-04-23 17:48:00+00:00,Task54,W3,AMAT,60m,2026-04-23T17:48:00+00:00,2026-04-23T18:48:00+00:00,2026-04-23T20:00:00+00:00,2026-04-23T18:47:00+00:00,60,1.4237749546279117
AMAT-2026-04-23 17:48:00+00:00,Task54,W3,AMAT,120m,2026-04-23T17:48:00+00:00,2026-04-23T19:48:00+00:00,2026-04-23T20:00:00+00:00,2026-04-23T19:47:00+00:00,120,1.4237749546279117
AMAT-2026-04-23 17:48:00+00:00,Task54,W3,AMAT,TO_SESSION_CLOSE,2026-04-23T17:48:00+00:00,2026-04-23T20:00:00+00:00,2026-04-23T20:00:00+00:00,2026-04-23T19:59:00+00:00,132,1.4972776769509697
KLAC-2026-04-23 17:48:00+00:00,Task54,W3,KLAC,15m,2026-04-23T17:48:00+00:00,2026-04-23T18:03:00+00:00,2026-04-23T20:00:00+00:00,2026-04-23T18:02:00+00:00,15,3.2015865608958816
KLAC-2026-04-23 17:48:00+00:00,Task54,W3,KLAC,30m,2026-04-23T17:48:00+00:00,2026-04-23T18:18:00+00:00,2026-04-23T20:00:00+00:00,2026-04-23T18:17:00+00:00,28,3.475268315445596
KLAC-2026-04-23 17:48:00+00:00,Task54,W3,KLAC,60m,2026-04-23T17:48:00+00:00,2026-04-23T18:48:00+00:00,2026-04-23T20:00:00+00:00,2026-04-23T18:47:00+00:00,57,3.475268315445596
KLAC-2026-04-23 17:48:00+00:00,Task54,W3,KLAC,120m,2026-04-23T17:48:00+00:00,2026-04-23T19:48:00+00:00,2026-04-23T20:00:00+00:00,2026-04-23T19:47:00+00:00,117,3.475268315445596
KLAC-2026-04-23 17:48:00+00:00,Task54,W3,KLAC,TO_SESSION_CLOSE,2026-04-23T17:48:00+00:00,2026-04-23T20:00:00+00:00,2026-04-23T20:00:00+00:00,2026-04-23T19:59:00+00:00,129,3.475268315445596
TXN-2026-04-27 18:21:00+00:00,Task54,W3,TXN,15m,2026-04-27T18:21:00+00:00,2026-04-27T18:36:00+00:00,2026-04-27T20:00:00+00:00,2026-04-27T18:35:00+00:00,15,4.356561152754045
TXN-2026-04-27 18:21:00+00:00,Task54,W3,TXN,30m,2026-04-27T18:21:00+00:00,2026-04-27T18:51:00+00:00,2026-04-27T20:00:00+00:00,2026-04-27T18:50:00+00:00,30,6.273448059965842
TXN-2026-04-27 18:21:00+00:00,Task54,W3,TXN,60m,2026-04-27T18:21:00+00:00,2026-04-27T19:21:00+00:00,2026-04-27T20:00:00+00:00,2026-04-27T19:20:00+00:00,60,7.706272616871635
TXN-2026-04-27 18:21:00+00:00,Task54,W3,TXN,120m,2026-04-27T18:21:00+00:00,2026-04-27T20:00:00+00:00,2026-04-27T20:00:00+00:00,2026-04-27T19:59:00+00:00,99,11.501321443270564
TXN-2026-04-27 18:21:00+00:00,Task54,W3,TXN,TO_SESSION_CLOSE,2026-04-27T18:21:00+00:00,2026-04-27T20:00:00+00:00,2026-04-27T20:00:00+00:00,2026-04-27T19:59:00+00:00,99,11.501321443270564
INTC-2026-04-28 14:42:00+00:00,Task54,W3,INTC,15m,2026-04-28T14:42:00+00:00,2026-04-28T14:57:00+00:00,2026-04-28T20:00:00+00:00,2026-04-28T14:56:00+00:00,15,1.0807401966713819
INTC-2026-04-28 14:42:00+00:00,Task54,W3,INTC,30m,2026-04-28T14:42:00+00:00,2026-04-28T15:12:00+00:00,2026-04-28T20:00:00+00:00,2026-04-28T15:11:00+00:00,30,1.6601060752993513
INTC-2026-04-28 14:42:00+00:00,Task54,W3,INTC,60m,2026-04-28T14:42:00+00:00,2026-04-28T15:42:00+00:00,2026-04-28T20:00:00+00:00,2026-04-28T15:41:00+00:00,60,1.8606558025166973
INTC-2026-04-28 14:42:00+00:00,Task54,W3,INTC,120m,2026-04-28T14:42:00+00:00,2026-04-28T16:42:00+00:00,2026-04-28T20:00:00+00:00,2026-04-28T16:41:00+00:00,120,2.852262787091488
INTC-2026-04-28 14:42:00+00:00,Task54,W3,INTC,TO_SESSION_CLOSE,2026-04-28T14:42:00+00:00,2026-04-28T20:00:00+00:00,2026-04-28T20:00:00+00:00,2026-04-28T19:59:00+00:00,318,7.16408192226495
STX-2026-04-28 14:53:00+00:00,Task54,W3,STX,15m,2026-04-28T14:53:00+00:00,2026-04-28T15:08:00+00:00,2026-04-28T20:00:00+00:00,2026-04-28T15:07:00+00:00,15,3.3317710751497294
STX-2026-04-28 14:53:00+00:00,Task54,W3,STX,30m,2026-04-28T14:53:00+00:00,2026-04-28T15:23:00+00:00,2026-04-28T20:00:00+00:00,2026-04-28T15:22:00+00:00,30,3.3317710751497294
STX-2026-04-28 14:53:00+00:00,Task54,W3,STX,60m,2026-04-28T14:53:00+00:00,2026-04-28T15:53:00+00:00,2026-04-28T20:00:00+00:00,2026-04-28T15:52:00+00:00,60,3.3317710751497294
STX-2026-04-28 14:53:00+00:00,Task54,W3,STX,120m,2026-04-28T14:53:00+00:00,2026-04-28T16:53:00+00:00,2026-04-28T20:00:00+00:00,2026-04-28T16:52:00+00:00,120,3.3317710751497294
STX-2026-04-28 14:53:00+00:00,Task54,W3,STX,TO_SESSION_CLOSE,2026-04-28T14:53:00+00:00,2026-04-28T20:00:00+00:00,2026-04-28T20:00:00+00:00,2026-04-28T19:59:00+00:00,307,7.151310288810119
AMZN-2026-04-30 13:50:00+00:00,Task54,W3,AMZN,15m,2026-04-30T13:50:00+00:00,2026-04-30T14:05:00+00:00,2026-04-30T20:00:00+00:00,2026-04-30T14:04:00+00:00,15,1.1942694802160414
AMZN-2026-04-30 13:50:00+00:00,Task54,W3,AMZN,30m,2026-04-30T13:50:00+00:00,2026-04-30T14:20:00+00:00,2026-04-30T20:00:00+00:00,2026-04-30T14:19:00+00:00,30,1.1942694802160414
AMZN-2026-04-30 13:50:00+00:00,Task54,W3,AMZN,60m,2026-04-30T13:50:00+00:00,2026-04-30T14:50:00+00:00,2026-04-30T20:00:00+00:00,2026-04-30T14:49:00+00:00,60,1.1942694802160414
AMZN-2026-04-30 13:50:00+00:00,Task54,W3,AMZN,120m,2026-04-30T13:50:00+00:00,2026-04-30T15:50:00+00:00,2026-04-30T20:00:00+00:00,2026-04-30T15:49:00+00:00,120,1.1942694802160414
AMZN-2026-04-30 13:50:00+00:00,Task54,W3,AMZN,TO_SESSION_CLOSE,2026-04-30T13:50:00+00:00,2026-04-30T20:00:00+00:00,2026-04-30T20:00:00+00:00,2026-04-30T19:59:00+00:00,370,3.381062744145184
MU-2026-04-30 14:20:00+00:00,Task54,W3,MU,15m,2026-04-30T14:20:00+00:00,2026-04-30T14:35:00+00:00,2026-04-30T20:00:00+00:00,2026-04-30T14:34:00+00:00,15,0.4296832836245106
MU-2026-04-30 14:20:00+00:00,Task54,W3,MU,30m,2026-04-30T14:20:00+00:00,2026-04-30T14:50:00+00:00,2026-04-30T20:00:00+00:00,2026-04-30T14:49:00+00:00,30,0.4296832836245106
MU-2026-04-30 14:20:00+00:00,Task54,W3,MU,60m,2026-04-30T14:20:00+00:00,2026-04-30T15:20:00+00:00,2026-04-30T20:00:00+00:00,2026-04-30T15:19:00+00:00,60,0.4296832836245106
MU-2026-04-30 14:20:00+00:00,Task54,W3,MU,120m,2026-04-30T14:20:00+00:00,2026-04-30T16:20:00+00:00,2026-04-30T20:00:00+00:00,2026-04-30T16:19:00+00:00,120,0.6086351370544242
MU-2026-04-30 14:20:00+00:00,Task54,W3,MU,TO_SESSION_CLOSE,2026-04-30T14:20:00+00:00,2026-04-30T20:00:00+00:00,2026-04-30T20:00:00+00:00,2026-04-30T19:59:00+00:00,340,1.966396818633771
PANW-2026-04-30 17:01:00+00:00,Task54,W3,PANW,15m,2026-04-30T17:01:00+00:00,2026-04-30T17:16:00+00:00,2026-04-30T20:00:00+00:00,2026-04-30T17:15:00+00:00,15,1.535958857629385
PANW-2026-04-30 17:01:00+00:00,Task54,W3,PANW,30m,2026-04-30T17:01:00+00:00,2026-04-30T17:31:00+00:00,2026-04-30T20:00:00+00:00,2026-04-30T17:30:00+00:00,30,1.535958857629385
PANW-2026-04-30 17:01:00+00:00,Task54,W3,PANW,60m,2026-04-30T17:01:00+00:00,2026-04-30T18:01:00+00:00,2026-04-30T20:00:00+00:00,2026-04-30T18:00:00+00:00,60,3.8489420948922723
PANW-2026-04-30 17:01:00+00:00,Task54,W3,PANW,120m,2026-04-30T17:01:00+00:00,2026-04-30T19:01:00+00:00,2026-04-30T20:00:00+00:00,2026-04-30T19:00:00+00:00,120,6.331465573082221
PANW-2026-04-30 17:01:00+00:00,Task54,W3,PANW,TO_SESSION_CLOSE,2026-04-30T17:01:00+00:00,2026-04-30T20:00:00+00:00,2026-04-30T20:00:00+00:00,2026-04-30T19:59:00+00:00,179,9.065985588034707
QCOM-2026-05-04 16:06:00+00:00,Task54,W3,QCOM,15m,2026-05-04T16:06:00+00:00,2026-05-04T16:21:00+00:00,2026-05-04T20:00:00+00:00,2026-05-04T16:20:00+00:00,15,0.39894874034854383
QCOM-2026-05-04 16:06:00+00:00,Task54,W3,QCOM,30m,2026-05-04T16:06:00+00:00,2026-05-04T16:36:00+00:00,2026-05-04T20:00:00+00:00,2026-05-04T16:35:00+00:00,30,0.39894874034854383
QCOM-2026-05-04 16:06:00+00:00,Task54,W3,QCOM,60m,2026-05-04T16:06:00+00:00,2026-05-04T17:06:00+00:00,2026-05-04T20:00:00+00:00,2026-05-04T17:05:00+00:00,60,0.39894874034854383
QCOM-2026-05-04 16:06:00+00:00,Task54,W3,QCOM,120m,2026-05-04T16:06:00+00:00,2026-05-04T18:06:00+00:00,2026-05-04T20:00:00+00:00,2026-05-04T18:05:00+00:00,120,2.7261497257149863
QCOM-2026-05-04 16:06:00+00:00,Task54,W3,QCOM,TO_SESSION_CLOSE,2026-05-04T16:06:00+00:00,2026-05-04T20:00:00+00:00,2026-05-04T20:00:00+00:00,2026-05-04T19:59:00+00:00,234,3.413228111870791
INTU-2026-05-05 15:58:00+00:00,Task54,W3,INTU,15m,2026-05-05T15:58:00+00:00,2026-05-05T16:13:00+00:00,2026-05-05T20:00:00+00:00,2026-05-05T16:12:00+00:00,15,0.0
INTU-2026-05-05 15:58:00+00:00,Task54,W3,INTU,30m,2026-05-05T15:58:00+00:00,2026-05-05T16:28:00+00:00,2026-05-05T20:00:00+00:00,2026-05-05T16:27:00+00:00,30,0.0
INTU-2026-05-05 15:58:00+00:00,Task54,W3,INTU,60m,2026-05-05T15:58:00+00:00,2026-05-05T16:58:00+00:00,2026-05-05T20:00:00+00:00,2026-05-05T16:57:00+00:00,60,0.0
INTU-2026-05-05 15:58:00+00:00,Task54,W3,INTU,120m,2026-05-05T15:58:00+00:00,2026-05-05T17:58:00+00:00,2026-05-05T20:00:00+00:00,2026-05-05T17:57:00+00:00,120,2.9959287813837863
INTU-2026-05-05 15:58:00+00:00,Task54,W3,INTU,TO_SESSION_CLOSE,2026-05-05T15:58:00+00:00,2026-05-05T20:00:00+00:00,2026-05-05T20:00:00+00:00,2026-05-05T19:59:00+00:00,242,6.253320438233741
AVGO-2026-05-06 14:11:00+00:00,Task54,W3,AVGO,15m,2026-05-06T14:11:00+00:00,2026-05-06T14:26:00+00:00,2026-05-06T20:00:00+00:00,2026-05-06T14:25:00+00:00,15,0.014066895904968216
AVGO-2026-05-06 14:11:00+00:00,Task54,W3,AVGO,30m,2026-05-06T14:11:00+00:00,2026-05-06T14:41:00+00:00,2026-05-06T20:00:00+00:00,2026-05-06T14:40:00+00:00,30,0.014066895904968216
AVGO-2026-05-06 14:11:00+00:00,Task54,W3,AVGO,60m,2026-05-06T14:11:00+00:00,2026-05-06T15:11:00+00:00,2026-05-06T20:00:00+00:00,2026-05-06T15:10:00+00:00,60,0.014066895904968216
AVGO-2026-05-06 14:11:00+00:00,Task54,W3,AVGO,120m,2026-05-06T14:11:00+00:00,2026-05-06T16:11:00+00:00,2026-05-06T20:00:00+00:00,2026-05-06T16:10:00+00:00,120,0.014066895904968216
AVGO-2026-05-06 14:11:00+00:00,Task54,W3,AVGO,TO_SESSION_CLOSE,2026-05-06T14:11:00+00:00,2026-05-06T20:00:00+00:00,2026-05-06T20:00:00+00:00,2026-05-06T19:59:00+00:00,349,0.10597061581744287
AMD-2026-05-07 15:53:00+00:00,Task54,W3,AMD,15m,2026-05-07T15:53:00+00:00,2026-05-07T16:08:00+00:00,2026-05-07T20:00:00+00:00,2026-05-07T16:07:00+00:00,15,0.27524523946913537
AMD-2026-05-07 15:53:00+00:00,Task54,W3,AMD,30m,2026-05-07T15:53:00+00:00,2026-05-07T16:23:00+00:00,2026-05-07T20:00:00+00:00,2026-05-07T16:22:00+00:00,30,0.27524523946913537
AMD-2026-05-07 15:53:00+00:00,Task54,W3,AMD,60m,2026-05-07T15:53:00+00:00,2026-05-07T16:53:00+00:00,2026-05-07T20:00:00+00:00,2026-05-07T16:52:00+00:00,60,0.27524523946913537
AMD-2026-05-07 15:53:00+00:00,Task54,W3,AMD,120m,2026-05-07T15:53:00+00:00,2026-05-07T17:53:00+00:00,2026-05-07T20:00:00+00:00,2026-05-07T17:52:00+00:00,120,0.27524523946913537
AMD-2026-05-07 15:53:00+00:00,Task54,W3,AMD,TO_SESSION_CLOSE,2026-05-07T15:53:00+00:00,2026-05-07T20:00:00+00:00,2026-05-07T20:00:00+00:00,2026-05-07T19:59:00+00:00,247,0.4760530871321428
LRCX-2026-05-07 15:54:00+00:00,Task54,W3,LRCX,15m,2026-05-07T15:54:00+00:00,2026-05-07T16:09:00+00:00,2026-05-07T20:00:00+00:00,2026-05-07T16:08:00+00:00,15,1.1653891059308574
LRCX-2026-05-07 15:54:00+00:00,Task54,W3,LRCX,30m,2026-05-07T15:54:00+00:00,2026-05-07T16:24:00+00:00,2026-05-07T20:00:00+00:00,2026-05-07T16:23:00+00:00,30,1.1653891059308574
LRCX-2026-05-07 15:54:00+00:00,Task54,W3,LRCX,60m,2026-05-07T15:54:00+00:00,2026-05-07T16:54:00+00:00,2026-05-07T20:00:00+00:00,2026-05-07T16:53:00+00:00,60,1.1653891059308574
LRCX-2026-05-07 15:54:00+00:00,Task54,W3,LRCX,120m,2026-05-07T15:54:00+00:00,2026-05-07T17:54:00+00:00,2026-05-07T20:00:00+00:00,2026-05-07T17:53:00+00:00,120,1.1653891059308574
LRCX-2026-05-07 15:54:00+00:00,Task54,W3,LRCX,TO_SESSION_CLOSE,2026-05-07T15:54:00+00:00,2026-05-07T20:00:00+00:00,2026-05-07T20:00:00+00:00,2026-05-07T19:59:00+00:00,246,1.1653891059308574
MU-2026-05-07 16:01:00+00:00,Task54,W3,MU,15m,2026-05-07T16:01:00+00:00,2026-05-07T16:16:00+00:00,2026-05-07T20:00:00+00:00,2026-05-07T16:15:00+00:00,15,0.10080921684268578
MU-2026-05-07 16:01:00+00:00,Task54,W3,MU,30m,2026-05-07T16:01:00+00:00,2026-05-07T16:31:00+00:00,2026-05-07T20:00:00+00:00,2026-05-07T16:30:00+00:00,30,0.10080921684268578
MU-2026-05-07 16:01:00+00:00,Task54,W3,MU,60m,2026-05-07T16:01:00+00:00,2026-05-07T17:01:00+00:00,2026-05-07T20:00:00+00:00,2026-05-07T17:00:00+00:00,60,0.10080921684268578
MU-2026-05-07 16:01:00+00:00,Task54,W3,MU,120m,2026-05-07T16:01:00+00:00,2026-05-07T18:01:00+00:00,2026-05-07T20:00:00+00:00,2026-05-07T18:00:00+00:00,120,0.10080921684268578
MU-2026-05-07 16:01:00+00:00,Task54,W3,MU,TO_SESSION_CLOSE,2026-05-07T16:01:00+00:00,2026-05-07T20:00:00+00:00,2026-05-07T20:00:00+00:00,2026-05-07T19:59:00+00:00,239,0.10080921684268578
AMAT-2026-05-07 16:22:00+00:00,Task54,W3,AMAT,15m,2026-05-07T16:22:00+00:00,2026-05-07T16:37:00+00:00,2026-05-07T20:00:00+00:00,2026-05-07T16:36:00+00:00,15,2.3613967314046387
AMAT-2026-05-07 16:22:00+00:00,Task54,W3,AMAT,30m,2026-05-07T16:22:00+00:00,2026-05-07T16:52:00+00:00,2026-05-07T20:00:00+00:00,2026-05-07T16:51:00+00:00,30,2.5997364636116185
AMAT-2026-05-07 16:22:00+00:00,Task54,W3,AMAT,60m,2026-05-07T16:22:00+00:00,2026-05-07T17:22:00+00:00,2026-05-07T20:00:00+00:00,2026-05-07T17:21:00+00:00,60,2.6034032287224917
AMAT-2026-05-07 16:22:00+00:00,Task54,W3,AMAT,120m,2026-05-07T16:22:00+00:00,2026-05-07T18:22:00+00:00,2026-05-07T20:00:00+00:00,2026-05-07T18:21:00+00:00,120,3.494427150665521
AMAT-2026-05-07 16:22:00+00:00,Task54,W3,AMAT,TO_SESSION_CLOSE,2026-05-07T16:22:00+00:00,2026-05-07T20:00:00+00:00,2026-05-07T20:00:00+00:00,2026-05-07T19:59:00+00:00,218,4.099443393960174
QCOM-2026-05-12 14:19:00+00:00,Task54,W3,QCOM,15m,2026-05-12T14:19:00+00:00,2026-05-12T14:34:00+00:00,2026-05-12T20:00:00+00:00,2026-05-12T14:33:00+00:00,15,0.9528717391718153
QCOM-2026-05-12 14:19:00+00:00,Task54,W3,QCOM,30m,2026-05-12T14:19:00+00:00,2026-05-12T14:49:00+00:00,2026-05-12T20:00:00+00:00,2026-05-12T14:48:00+00:00,30,0.9528717391718153
QCOM-2026-05-12 14:19:00+00:00,Task54,W3,QCOM,60m,2026-05-12T14:19:00+00:00,2026-05-12T15:19:00+00:00,2026-05-12T20:00:00+00:00,2026-05-12T15:18:00+00:00,60,0.9528717391718153
QCOM-2026-05-12 14:19:00+00:00,Task54,W3,QCOM,120m,2026-05-12T14:19:00+00:00,2026-05-12T16:19:00+00:00,2026-05-12T20:00:00+00:00,2026-05-12T16:18:00+00:00,120,0.9528717391718153
QCOM-2026-05-12 14:19:00+00:00,Task54,W3,QCOM,TO_SESSION_CLOSE,2026-05-12T14:19:00+00:00,2026-05-12T20:00:00+00:00,2026-05-12T20:00:00+00:00,2026-05-12T19:59:00+00:00,341,0.9528717391718153
AMAT-2026-05-12 15:27:00+00:00,Task54,W3,AMAT,15m,2026-05-12T15:27:00+00:00,2026-05-12T15:42:00+00:00,2026-05-12T20:00:00+00:00,2026-05-12T15:41:00+00:00,15,2.6815029837694957
AMAT-2026-05-12 15:27:00+00:00,Task54,W3,AMAT,30m,2026-05-12T15:27:00+00:00,2026-05-12T15:57:00+00:00,2026-05-12T20:00:00+00:00,2026-05-12T15:56:00+00:00,30,2.6815029837694957
AMAT-2026-05-12 15:27:00+00:00,Task54,W3,AMAT,60m,2026-05-12T15:27:00+00:00,2026-05-12T16:27:00+00:00,2026-05-12T20:00:00+00:00,2026-05-12T16:26:00+00:00,60,2.6815029837694957
AMAT-2026-05-12 15:27:00+00:00,Task54,W3,AMAT,120m,2026-05-12T15:27:00+00:00,2026-05-12T17:27:00+00:00,2026-05-12T20:00:00+00:00,2026-05-12T17:26:00+00:00,120,4.0512750707167235
AMAT-2026-05-12 15:27:00+00:00,Task54,W3,AMAT,TO_SESSION_CLOSE,2026-05-12T15:27:00+00:00,2026-05-12T20:00:00+00:00,2026-05-12T20:00:00+00:00,2026-05-12T19:59:00+00:00,273,10.4087200957287
TSLA-2026-05-12 15:31:00+00:00,Task54,W3,TSLA,15m,2026-05-12T15:31:00+00:00,2026-05-12T15:46:00+00:00,2026-05-12T20:00:00+00:00,2026-05-12T15:45:00+00:00,15,1.021365315118551
TSLA-2026-05-12 15:31:00+00:00,Task54,W3,TSLA,30m,2026-05-12T15:31:00+00:00,2026-05-12T16:01:00+00:00,2026-05-12T20:00:00+00:00,2026-05-12T16:00:00+00:00,30,1.021365315118551
TSLA-2026-05-12 15:31:00+00:00,Task54,W3,TSLA,60m,2026-05-12T15:31:00+00:00,2026-05-12T16:31:00+00:00,2026-05-12T20:00:00+00:00,2026-05-12T16:30:00+00:00,60,1.021365315118551
TSLA-2026-05-12 15:31:00+00:00,Task54,W3,TSLA,120m,2026-05-12T15:31:00+00:00,2026-05-12T17:31:00+00:00,2026-05-12T20:00:00+00:00,2026-05-12T17:30:00+00:00,120,1.021365315118551
TSLA-2026-05-12 15:31:00+00:00,Task54,W3,TSLA,TO_SESSION_CLOSE,2026-05-12T15:31:00+00:00,2026-05-12T20:00:00+00:00,2026-05-12T20:00:00+00:00,2026-05-12T19:59:00+00:00,269,3.3485167388110195
QCOM-2026-05-12 17:01:00+00:00,Task54,W3,QCOM,15m,2026-05-12T17:01:00+00:00,2026-05-12T17:16:00+00:00,2026-05-12T20:00:00+00:00,2026-05-12T17:15:00+00:00,15,2.3307570020140593
QCOM-2026-05-12 17:01:00+00:00,Task54,W3,QCOM,30m,2026-05-12T17:01:00+00:00,2026-05-12T17:31:00+00:00,2026-05-12T20:00:00+00:00,2026-05-12T17:30:00+00:00,30,4.122826458940207
QCOM-2026-05-12 17:01:00+00:00,Task54,W3,QCOM,60m,2026-05-12T17:01:00+00:00,2026-05-12T18:01:00+00:00,2026-05-12T20:00:00+00:00,2026-05-12T18:00:00+00:00,60,4.122826458940207
QCOM-2026-05-12 17:01:00+00:00,Task54,W3,QCOM,120m,2026-05-12T17:01:00+00:00,2026-05-12T19:01:00+00:00,2026-05-12T20:00:00+00:00,2026-05-12T19:00:00+00:00,120,5.253536949619766
QCOM-2026-05-12 17:01:00+00:00,Task54,W3,QCOM,TO_SESSION_CLOSE,2026-05-12T17:01:00+00:00,2026-05-12T20:00:00+00:00,2026-05-12T20:00:00+00:00,2026-05-12T19:59:00+00:00,179,8.240319377830012
AMAT-2026-05-13 14:14:00+00:00,Task54,W3,AMAT,15m,2026-05-13T14:14:00+00:00,2026-05-13T14:29:00+00:00,2026-05-13T20:00:00+00:00,2026-05-13T14:28:00+00:00,15,0.612419700214141
AMAT-2026-05-13 14:14:00+00:00,Task54,W3,AMAT,30m,2026-05-13T14:14:00+00:00,2026-05-13T14:44:00+00:00,2026-05-13T20:00:00+00:00,2026-05-13T14:43:00+00:00,30,0.8372591006424109
AMAT-2026-05-13 14:14:00+00:00,Task54,W3,AMAT,60m,2026-05-13T14:14:00+00:00,2026-05-13T15:14:00+00:00,2026-05-13T20:00:00+00:00,2026-05-13T15:13:00+00:00,60,1.2355460385439163
AMAT-2026-05-13 14:14:00+00:00,Task54,W3,AMAT,120m,2026-05-13T14:14:00+00:00,2026-05-13T16:14:00+00:00,2026-05-13T20:00:00+00:00,2026-05-13T16:13:00+00:00,120,1.5524625267666088
AMAT-2026-05-13 14:14:00+00:00,Task54,W3,AMAT,TO_SESSION_CLOSE,2026-05-13T14:14:00+00:00,2026-05-13T20:00:00+00:00,2026-05-13T20:00:00+00:00,2026-05-13T19:59:00+00:00,346,3.503211991434723
AMAT-2026-05-15 17:15:00+00:00,Task54,W3,AMAT,15m,2026-05-15T17:15:00+00:00,2026-05-15T17:30:00+00:00,2026-05-15T20:00:00+00:00,2026-05-15T17:29:00+00:00,15,1.8581000228501448
AMAT-2026-05-15 17:15:00+00:00,Task54,W3,AMAT,30m,2026-05-15T17:15:00+00:00,2026-05-15T17:45:00+00:00,2026-05-15T20:00:00+00:00,2026-05-15T17:44:00+00:00,30,1.8944924282991438
AMAT-2026-05-15 17:15:00+00:00,Task54,W3,AMAT,60m,2026-05-15T17:15:00+00:00,2026-05-15T18:15:00+00:00,2026-05-15T20:00:00+00:00,2026-05-15T18:14:00+00:00,60,5.089037744520865
AMAT-2026-05-15 17:15:00+00:00,Task54,W3,AMAT,120m,2026-05-15T17:15:00+00:00,2026-05-15T19:15:00+00:00,2026-05-15T20:00:00+00:00,2026-05-15T19:14:00+00:00,120,7.357890952064713
AMAT-2026-05-15 17:15:00+00:00,Task54,W3,AMAT,TO_SESSION_CLOSE,2026-05-15T17:15:00+00:00,2026-05-15T20:00:00+00:00,2026-05-15T20:00:00+00:00,2026-05-15T19:59:00+00:00,165,7.357890952064713
INTC-2025-12-31 18:08:00+00:00,Task56,H1_early,INTC,15m,2025-12-31T18:08:00+00:00,2025-12-31T18:23:00+00:00,2025-12-31T21:00:00+00:00,2025-12-31T18:22:00+00:00,15,0.20792079207921768
INTC-2025-12-31 18:08:00+00:00,Task56,H1_early,INTC,30m,2025-12-31T18:08:00+00:00,2025-12-31T18:38:00+00:00,2025-12-31T21:00:00+00:00,2025-12-31T18:37:00+00:00,30,0.22772277227723373
INTC-2025-12-31 18:08:00+00:00,Task56,H1_early,INTC,60m,2025-12-31T18:08:00+00:00,2025-12-31T19:08:00+00:00,2025-12-31T21:00:00+00:00,2025-12-31T19:07:00+00:00,60,0.22772277227723373
INTC-2025-12-31 18:08:00+00:00,Task56,H1_early,INTC,120m,2025-12-31T18:08:00+00:00,2025-12-31T20:08:00+00:00,2025-12-31T21:00:00+00:00,2025-12-31T20:07:00+00:00,120,0.22772277227723373
INTC-2025-12-31 18:08:00+00:00,Task56,H1_early,INTC,TO_SESSION_CLOSE,2025-12-31T18:08:00+00:00,2025-12-31T21:00:00+00:00,2025-12-31T21:00:00+00:00,2025-12-31T20:59:00+00:00,172,0.22772277227723373
INTC-2026-01-06 16:05:00+00:00,Task56,H1_early,INTC,15m,2026-01-06T16:05:00+00:00,2026-01-06T16:20:00+00:00,2026-01-06T21:00:00+00:00,2026-01-06T16:19:00+00:00,15,0.3995157384987836
INTC-2026-01-06 16:05:00+00:00,Task56,H1_early,INTC,30m,2026-01-06T16:05:00+00:00,2026-01-06T16:35:00+00:00,2026-01-06T21:00:00+00:00,2026-01-06T16:34:00+00:00,30,1.067796610169481
INTC-2026-01-06 16:05:00+00:00,Task56,H1_early,INTC,60m,2026-01-06T16:05:00+00:00,2026-01-06T17:05:00+00:00,2026-01-06T21:00:00+00:00,2026-01-06T17:04:00+00:00,60,1.067796610169481
INTC-2026-01-06 16:05:00+00:00,Task56,H1_early,INTC,120m,2026-01-06T16:05:00+00:00,2026-01-06T18:05:00+00:00,2026-01-06T21:00:00+00:00,2026-01-06T18:04:00+00:00,120,1.1694915254237177
INTC-2026-01-06 16:05:00+00:00,Task56,H1_early,INTC,TO_SESSION_CLOSE,2026-01-06T16:05:00+00:00,2026-01-06T21:00:00+00:00,2026-01-06T21:00:00+00:00,2026-01-06T20:59:00+00:00,295,1.7941888619854547
KLAC-2026-01-07 18:08:00+00:00,Task56,H1_early,KLAC,15m,2026-01-07T18:08:00+00:00,2026-01-07T18:23:00+00:00,2026-01-07T21:00:00+00:00,2026-01-07T18:22:00+00:00,15,0.8441266455751393
KLAC-2026-01-07 18:08:00+00:00,Task56,H1_early,KLAC,30m,2026-01-07T18:08:00+00:00,2026-01-07T18:38:00+00:00,2026-01-07T21:00:00+00:00,2026-01-07T18:37:00+00:00,30,1.4608401765888892
KLAC-2026-01-07 18:08:00+00:00,Task56,H1_early,KLAC,60m,2026-01-07T18:08:00+00:00,2026-01-07T19:08:00+00:00,2026-01-07T21:00:00+00:00,2026-01-07T19:07:00+00:00,59,6.887919249510169
KLAC-2026-01-07 18:08:00+00:00,Task56,H1_early,KLAC,120m,2026-01-07T18:08:00+00:00,2026-01-07T20:08:00+00:00,2026-01-07T21:00:00+00:00,2026-01-07T20:07:00+00:00,118,8.529919025834456
KLAC-2026-01-07 18:08:00+00:00,Task56,H1_early,KLAC,TO_SESSION_CLOSE,2026-01-07T18:08:00+00:00,2026-01-07T21:00:00+00:00,2026-01-07T21:00:00+00:00,2026-01-07T20:59:00+00:00,169,8.529919025834456
AMAT-2026-01-08 15:05:00+00:00,Task56,H1_early,AMAT,15m,2026-01-08T15:05:00+00:00,2026-01-08T15:20:00+00:00,2026-01-08T21:00:00+00:00,2026-01-08T15:19:00+00:00,15,0.6910066480698424
AMAT-2026-01-08 15:05:00+00:00,Task56,H1_early,AMAT,30m,2026-01-08T15:05:00+00:00,2026-01-08T15:35:00+00:00,2026-01-08T21:00:00+00:00,2026-01-08T15:34:00+00:00,30,0.6910066480698424
AMAT-2026-01-08 15:05:00+00:00,Task56,H1_early,AMAT,60m,2026-01-08T15:05:00+00:00,2026-01-08T16:05:00+00:00,2026-01-08T21:00:00+00:00,2026-01-08T16:04:00+00:00,60,0.6910066480698424
AMAT-2026-01-08 15:05:00+00:00,Task56,H1_early,AMAT,120m,2026-01-08T15:05:00+00:00,2026-01-08T17:05:00+00:00,2026-01-08T21:00:00+00:00,2026-01-08T17:04:00+00:00,120,0.6910066480698424
AMAT-2026-01-08 15:05:00+00:00,Task56,H1_early,AMAT,TO_SESSION_CLOSE,2026-01-08T15:05:00+00:00,2026-01-08T21:00:00+00:00,2026-01-08T21:00:00+00:00,2026-01-08T20:59:00+00:00,354,0.6910066480698424
INTC-2026-01-08 15:09:00+00:00,Task56,H1_early,INTC,15m,2026-01-08T15:09:00+00:00,2026-01-08T15:24:00+00:00,2026-01-08T21:00:00+00:00,2026-01-08T15:23:00+00:00,15,0.22002328288707668
INTC-2026-01-08 15:09:00+00:00,Task56,H1_early,INTC,30m,2026-01-08T15:09:00+00:00,2026-01-08T15:39:00+00:00,2026-01-08T21:00:00+00:00,2026-01-08T15:38:00+00:00,30,0.22002328288707668
INTC-2026-01-08 15:09:00+00:00,Task56,H1_early,INTC,60m,2026-01-08T15:09:00+00:00,2026-01-08T16:09:00+00:00,2026-01-08T21:00:00+00:00,2026-01-08T16:08:00+00:00,60,0.22002328288707668
INTC-2026-01-08 15:09:00+00:00,Task56,H1_early,INTC,120m,2026-01-08T15:09:00+00:00,2026-01-08T17:09:00+00:00,2026-01-08T21:00:00+00:00,2026-01-08T17:08:00+00:00,120,0.22002328288707668
INTC-2026-01-08 15:09:00+00:00,Task56,H1_early,INTC,TO_SESSION_CLOSE,2026-01-08T15:09:00+00:00,2026-01-08T21:00:00+00:00,2026-01-08T21:00:00+00:00,2026-01-08T20:59:00+00:00,351,0.22002328288707668
VRTX-2026-01-08 19:15:00+00:00,Task56,H1_early,VRTX,15m,2026-01-08T19:15:00+00:00,2026-01-08T19:30:00+00:00,2026-01-08T21:00:00+00:00,2026-01-08T19:29:00+00:00,15,0.7986453563531963
VRTX-2026-01-08 19:15:00+00:00,Task56,H1_early,VRTX,30m,2026-01-08T19:15:00+00:00,2026-01-08T19:45:00+00:00,2026-01-08T21:00:00+00:00,2026-01-08T19:44:00+00:00,30,0.7986453563531963
VRTX-2026-01-08 19:15:00+00:00,Task56,H1_early,VRTX,60m,2026-01-08T19:15:00+00:00,2026-01-08T20:15:00+00:00,2026-01-08T21:00:00+00:00,2026-01-08T20:14:00+00:00,60,0.7986453563531963
VRTX-2026-01-08 19:15:00+00:00,Task56,H1_early,VRTX,120m,2026-01-08T19:15:00+00:00,2026-01-08T21:00:00+00:00,2026-01-08T21:00:00+00:00,2026-01-08T20:59:00+00:00,105,1.480801031557236
VRTX-2026-01-08 19:15:00+00:00,Task56,H1_early,VRTX,TO_SESSION_CLOSE,2026-01-08T19:15:00+00:00,2026-01-08T21:00:00+00:00,2026-01-08T21:00:00+00:00,2026-01-08T20:59:00+00:00,105,1.480801031557236
INTC-2026-01-12 18:37:00+00:00,Task56,H1_early,INTC,15m,2026-01-12T18:37:00+00:00,2026-01-12T18:52:00+00:00,2026-01-12T21:00:00+00:00,2026-01-12T18:51:00+00:00,15,0.02896063498873399
INTC-2026-01-12 18:37:00+00:00,Task56,H1_early,INTC,30m,2026-01-12T18:37:00+00:00,2026-01-12T19:07:00+00:00,2026-01-12T21:00:00+00:00,2026-01-12T19:06:00+00:00,30,0.02896063498873399
INTC-2026-01-12 18:37:00+00:00,Task56,H1_early,INTC,60m,2026-01-12T18:37:00+00:00,2026-01-12T19:37:00+00:00,2026-01-12T21:00:00+00:00,2026-01-12T19:36:00+00:00,60,0.11262469162286608
INTC-2026-01-12 18:37:00+00:00,Task56,H1_early,INTC,120m,2026-01-12T18:37:00+00:00,2026-01-12T20:37:00+00:00,2026-01-12T21:00:00+00:00,2026-01-12T20:36:00+00:00,120,0.2606457148986379
INTC-2026-01-12 18:37:00+00:00,Task56,H1_early,INTC,TO_SESSION_CLOSE,2026-01-12T18:37:00+00:00,2026-01-12T21:00:00+00:00,2026-01-12T21:00:00+00:00,2026-01-12T20:59:00+00:00,143,0.2606457148986379
LRCX-2026-01-13 19:12:00+00:00,Task56,H1_early,LRCX,15m,2026-01-13T19:12:00+00:00,2026-01-13T19:27:00+00:00,2026-01-13T21:00:00+00:00,2026-01-13T19:26:00+00:00,15,0.5499461524427246
LRCX-2026-01-13 19:12:00+00:00,Task56,H1_early,LRCX,30m,2026-01-13T19:12:00+00:00,2026-01-13T19:42:00+00:00,2026-01-13T21:00:00+00:00,2026-01-13T19:41:00+00:00,30,2.175731298928544
LRCX-2026-01-13 19:12:00+00:00,Task56,H1_early,LRCX,60m,2026-01-13T19:12:00+00:00,2026-01-13T20:12:00+00:00,2026-01-13T21:00:00+00:00,2026-01-13T20:11:00+00:00,60,2.175731298928544
LRCX-2026-01-13 19:12:00+00:00,Task56,H1_early,LRCX,120m,2026-01-13T19:12:00+00:00,2026-01-13T21:00:00+00:00,2026-01-13T21:00:00+00:00,2026-01-13T20:59:00+00:00,108,2.175731298928544
LRCX-2026-01-13 19:12:00+00:00,Task56,H1_early,LRCX,TO_SESSION_CLOSE,2026-01-13T19:12:00+00:00,2026-01-13T21:00:00+00:00,2026-01-13T21:00:00+00:00,2026-01-13T20:59:00+00:00,108,2.175731298928544
PANW-2026-01-14 16:02:00+00:00,Task56,H1_early,PANW,15m,2026-01-14T16:02:00+00:00,2026-01-14T16:17:00+00:00,2026-01-14T21:00:00+00:00,2026-01-14T16:16:00+00:00,15,0.5759999999999956
PANW-2026-01-14 16:02:00+00:00,Task56,H1_early,PANW,30m,2026-01-14T16:02:00+00:00,2026-01-14T16:32:00+00:00,2026-01-14T21:00:00+00:00,2026-01-14T16:31:00+00:00,30,3.047999999999886
PANW-2026-01-14 16:02:00+00:00,Task56,H1_early,PANW,60m,2026-01-14T16:02:00+00:00,2026-01-14T17:02:00+00:00,2026-01-14T21:00:00+00:00,2026-01-14T17:01:00+00:00,60,3.047999999999886
PANW-2026-01-14 16:02:00+00:00,Task56,H1_early,PANW,120m,2026-01-14T16:02:00+00:00,2026-01-14T18:02:00+00:00,2026-01-14T21:00:00+00:00,2026-01-14T18:01:00+00:00,120,3.047999999999886
PANW-2026-01-14 16:02:00+00:00,Task56,H1_early,PANW,TO_SESSION_CLOSE,2026-01-14T16:02:00+00:00,2026-01-14T21:00:00+00:00,2026-01-14T21:00:00+00:00,2026-01-14T20:59:00+00:00,298,5.951999999999773
KLAC-2026-01-20 17:57:00+00:00,Task56,H1_early,KLAC,15m,2026-01-20T17:57:00+00:00,2026-01-20T18:12:00+00:00,2026-01-20T21:00:00+00:00,2026-01-20T18:11:00+00:00,15,0.41385279588028007
KLAC-2026-01-20 17:57:00+00:00,Task56,H1_early,KLAC,30m,2026-01-20T17:57:00+00:00,2026-01-20T18:27:00+00:00,2026-01-20T21:00:00+00:00,2026-01-20T18:26:00+00:00,30,0.41385279588028007
KLAC-2026-01-20 17:57:00+00:00,Task56,H1_early,KLAC,60m,2026-01-20T17:57:00+00:00,2026-01-20T18:57:00+00:00,2026-01-20T21:00:00+00:00,2026-01-20T18:56:00+00:00,60,0.41385279588028007
KLAC-2026-01-20 17:57:00+00:00,Task56,H1_early,KLAC,120m,2026-01-20T17:57:00+00:00,2026-01-20T19:57:00+00:00,2026-01-20T21:00:00+00:00,2026-01-20T19:56:00+00:00,119,0.41385279588028007
KLAC-2026-01-20 17:57:00+00:00,Task56,H1_early,KLAC,TO_SESSION_CLOSE,2026-01-20T17:57:00+00:00,2026-01-20T21:00:00+00:00,2026-01-20T21:00:00+00:00,2026-01-20T20:59:00+00:00,182,0.41385279588028007
KLAC-2026-01-20 19:38:00+00:00,Task56,H1_early,KLAC,15m,2026-01-20T19:38:00+00:00,2026-01-20T19:53:00+00:00,2026-01-20T21:00:00+00:00,2026-01-20T19:52:00+00:00,15,5.315248873662715
KLAC-2026-01-20 19:38:00+00:00,Task56,H1_early,KLAC,30m,2026-01-20T19:38:00+00:00,2026-01-20T20:08:00+00:00,2026-01-20T21:00:00+00:00,2026-01-20T20:07:00+00:00,30,6.1538566993983554
KLAC-2026-01-20 19:38:00+00:00,Task56,H1_early,KLAC,60m,2026-01-20T19:38:00+00:00,2026-01-20T20:38:00+00:00,2026-01-20T21:00:00+00:00,2026-01-20T20:37:00+00:00,60,6.1538566993983554
KLAC-2026-01-20 19:38:00+00:00,Task56,H1_early,KLAC,120m,2026-01-20T19:38:00+00:00,2026-01-20T21:00:00+00:00,2026-01-20T21:00:00+00:00,2026-01-20T20:59:00+00:00,82,6.1538566993983554
KLAC-2026-01-20 19:38:00+00:00,Task56,H1_early,KLAC,TO_SESSION_CLOSE,2026-01-20T19:38:00+00:00,2026-01-20T21:00:00+00:00,2026-01-20T21:00:00+00:00,2026-01-20T20:59:00+00:00,82,6.1538566993983554
AMAT-2026-01-23 17:54:00+00:00,Task56,H1_early,AMAT,15m,2026-01-23T17:54:00+00:00,2026-01-23T18:09:00+00:00,2026-01-23T21:00:00+00:00,2026-01-23T18:08:00+00:00,15,0.28883600173085994
AMAT-2026-01-23 17:54:00+00:00,Task56,H1_early,AMAT,30m,2026-01-23T17:54:00+00:00,2026-01-23T18:24:00+00:00,2026-01-23T21:00:00+00:00,2026-01-23T18:23:00+00:00,30,0.31802790999567654
AMAT-2026-01-23 17:54:00+00:00,Task56,H1_early,AMAT,60m,2026-01-23T17:54:00+00:00,2026-01-23T18:54:00+00:00,2026-01-23T21:00:00+00:00,2026-01-23T18:53:00+00:00,60,0.4089138900908798
AMAT-2026-01-23 17:54:00+00:00,Task56,H1_early,AMAT,120m,2026-01-23T17:54:00+00:00,2026-01-23T19:54:00+00:00,2026-01-23T21:00:00+00:00,2026-01-23T19:53:00+00:00,120,0.5922760709649613
AMAT-2026-01-23 17:54:00+00:00,Task56,H1_early,AMAT,TO_SESSION_CLOSE,2026-01-23T17:54:00+00:00,2026-01-23T21:00:00+00:00,2026-01-23T21:00:00+00:00,2026-01-23T20:59:00+00:00,186,0.6166161834703667
AMD-2026-01-26 20:15:00+00:00,Task56,H1_early,AMD,15m,2026-01-26T20:15:00+00:00,2026-01-26T20:30:00+00:00,2026-01-26T21:00:00+00:00,2026-01-26T20:29:00+00:00,15,2.1995251685005206
AMD-2026-01-26 20:15:00+00:00,Task56,H1_early,AMD,30m,2026-01-26T20:15:00+00:00,2026-01-26T20:45:00+00:00,2026-01-26T21:00:00+00:00,2026-01-26T20:44:00+00:00,30,2.1995251685005206
AMD-2026-01-26 20:15:00+00:00,Task56,H1_early,AMD,60m,2026-01-26T20:15:00+00:00,2026-01-26T21:00:00+00:00,2026-01-26T21:00:00+00:00,2026-01-26T20:59:00+00:00,45,2.1995251685005206
AMD-2026-01-26 20:15:00+00:00,Task56,H1_early,AMD,120m,2026-01-26T20:15:00+00:00,2026-01-26T21:00:00+00:00,2026-01-26T21:00:00+00:00,2026-01-26T20:59:00+00:00,45,2.1995251685005206
AMD-2026-01-26 20:15:00+00:00,Task56,H1_early,AMD,TO_SESSION_CLOSE,2026-01-26T20:15:00+00:00,2026-01-26T21:00:00+00:00,2026-01-26T21:00:00+00:00,2026-01-26T20:59:00+00:00,45,2.1995251685005206
AMAT-2026-02-23 16:14:00+00:00,Task56,H2_middle,AMAT,15m,2026-02-23T16:14:00+00:00,2026-02-23T16:29:00+00:00,2026-02-23T21:00:00+00:00,2026-02-23T16:28:00+00:00,15,1.2265868263472945
AMAT-2026-02-23 16:14:00+00:00,Task56,H2_middle,AMAT,30m,2026-02-23T16:14:00+00:00,2026-02-23T16:44:00+00:00,2026-02-23T21:00:00+00:00,2026-02-23T16:43:00+00:00,30,1.7579127459366615
AMAT-2026-02-23 16:14:00+00:00,Task56,H2_middle,AMAT,60m,2026-02-23T16:14:00+00:00,2026-02-23T17:14:00+00:00,2026-02-23T21:00:00+00:00,2026-02-23T17:13:00+00:00,60,1.7579127459366615
AMAT-2026-02-23 16:14:00+00:00,Task56,H2_middle,AMAT,120m,2026-02-23T16:14:00+00:00,2026-02-23T18:14:00+00:00,2026-02-23T21:00:00+00:00,2026-02-23T18:13:00+00:00,120,1.7579127459366615
AMAT-2026-02-23 16:14:00+00:00,Task56,H2_middle,AMAT,TO_SESSION_CLOSE,2026-02-23T16:14:00+00:00,2026-02-23T21:00:00+00:00,2026-02-23T21:00:00+00:00,2026-02-23T20:59:00+00:00,286,1.7579127459366615
AMD-2026-02-25 19:44:00+00:00,Task56,H2_middle,AMD,15m,2026-02-25T19:44:00+00:00,2026-02-25T19:59:00+00:00,2026-02-25T21:00:00+00:00,2026-02-25T19:58:00+00:00,15,0.013043478260872403
AMD-2026-02-25 19:44:00+00:00,Task56,H2_middle,AMD,30m,2026-02-25T19:44:00+00:00,2026-02-25T20:14:00+00:00,2026-02-25T21:00:00+00:00,2026-02-25T20:13:00+00:00,30,0.013043478260872403
AMD-2026-02-25 19:44:00+00:00,Task56,H2_middle,AMD,60m,2026-02-25T19:44:00+00:00,2026-02-25T20:44:00+00:00,2026-02-25T21:00:00+00:00,2026-02-25T20:43:00+00:00,60,0.018260869565215433
AMD-2026-02-25 19:44:00+00:00,Task56,H2_middle,AMD,120m,2026-02-25T19:44:00+00:00,2026-02-25T21:00:00+00:00,2026-02-25T21:00:00+00:00,2026-02-25T20:59:00+00:00,76,0.018260869565215433
AMD-2026-02-25 19:44:00+00:00,Task56,H2_middle,AMD,TO_SESSION_CLOSE,2026-02-25T19:44:00+00:00,2026-02-25T21:00:00+00:00,2026-02-25T21:00:00+00:00,2026-02-25T20:59:00+00:00,76,0.018260869565215433
BKNG-2026-03-09 19:20:00+00:00,Task56,H2_middle,BKNG,15m,2026-03-09T19:20:00+00:00,2026-03-09T19:35:00+00:00,2026-03-09T20:00:00+00:00,2026-03-09T19:34:00+00:00,15,3.8911818352738017
BKNG-2026-03-09 19:20:00+00:00,Task56,H2_middle,BKNG,30m,2026-03-09T19:20:00+00:00,2026-03-09T19:50:00+00:00,2026-03-09T20:00:00+00:00,2026-03-09T19:49:00+00:00,30,6.327999426100329
BKNG-2026-03-09 19:20:00+00:00,Task56,H2_middle,BKNG,60m,2026-03-09T19:20:00+00:00,2026-03-09T20:00:00+00:00,2026-03-09T20:00:00+00:00,2026-03-09T19:59:00+00:00,40,6.553728876540553
BKNG-2026-03-09 19:20:00+00:00,Task56,H2_middle,BKNG,120m,2026-03-09T19:20:00+00:00,2026-03-09T20:00:00+00:00,2026-03-09T20:00:00+00:00,2026-03-09T19:59:00+00:00,40,6.553728876540553
BKNG-2026-03-09 19:20:00+00:00,Task56,H2_middle,BKNG,TO_SESSION_CLOSE,2026-03-09T19:20:00+00:00,2026-03-09T20:00:00+00:00,2026-03-09T20:00:00+00:00,2026-03-09T19:59:00+00:00,40,6.553728876540553
INTU-2026-03-10 13:50:00+00:00,Task56,H2_middle,INTU,15m,2026-03-10T13:50:00+00:00,2026-03-10T14:05:00+00:00,2026-03-10T20:00:00+00:00,2026-03-10T14:04:00+00:00,15,0.08495770860081847
INTU-2026-03-10 13:50:00+00:00,Task56,H2_middle,INTU,30m,2026-03-10T13:50:00+00:00,2026-03-10T14:20:00+00:00,2026-03-10T20:00:00+00:00,2026-03-10T14:19:00+00:00,30,0.08495770860081847
INTU-2026-03-10 13:50:00+00:00,Task56,H2_middle,INTU,60m,2026-03-10T13:50:00+00:00,2026-03-10T14:50:00+00:00,2026-03-10T20:00:00+00:00,2026-03-10T14:49:00+00:00,60,0.08495770860081847
INTU-2026-03-10 13:50:00+00:00,Task56,H2_middle,INTU,120m,2026-03-10T13:50:00+00:00,2026-03-10T15:50:00+00:00,2026-03-10T20:00:00+00:00,2026-03-10T15:49:00+00:00,120,0.08495770860081847
INTU-2026-03-10 13:50:00+00:00,Task56,H2_middle,INTU,TO_SESSION_CLOSE,2026-03-10T13:50:00+00:00,2026-03-10T20:00:00+00:00,2026-03-10T20:00:00+00:00,2026-03-10T19:59:00+00:00,370,0.6925340488976137
INTU-2026-03-10 16:11:00+00:00,Task56,H2_middle,INTU,15m,2026-03-10T16:11:00+00:00,2026-03-10T16:26:00+00:00,2026-03-10T20:00:00+00:00,2026-03-10T16:25:00+00:00,15,3.020353665126673
INTU-2026-03-10 16:11:00+00:00,Task56,H2_middle,INTU,30m,2026-03-10T16:11:00+00:00,2026-03-10T16:41:00+00:00,2026-03-10T20:00:00+00:00,2026-03-10T16:40:00+00:00,30,5.240916975066686
INTU-2026-03-10 16:11:00+00:00,Task56,H2_middle,INTU,60m,2026-03-10T16:11:00+00:00,2026-03-10T17:11:00+00:00,2026-03-10T20:00:00+00:00,2026-03-10T17:10:00+00:00,60,5.240916975066686
INTU-2026-03-10 16:11:00+00:00,Task56,H2_middle,INTU,120m,2026-03-10T16:11:00+00:00,2026-03-10T18:11:00+00:00,2026-03-10T20:00:00+00:00,2026-03-10T18:10:00+00:00,120,5.941574324674531
INTU-2026-03-10 16:11:00+00:00,Task56,H2_middle,INTU,TO_SESSION_CLOSE,2026-03-10T16:11:00+00:00,2026-03-10T20:00:00+00:00,2026-03-10T20:00:00+00:00,2026-03-10T19:59:00+00:00,229,5.941574324674531
STX-2026-03-11 17:40:00+00:00,Task56,H2_middle,STX,15m,2026-03-11T17:40:00+00:00,2026-03-11T17:55:00+00:00,2026-03-11T20:00:00+00:00,2026-03-11T17:54:00+00:00,15,0.29308210359512765
STX-2026-03-11 17:40:00+00:00,Task56,H2_middle,STX,30m,2026-03-11T17:40:00+00:00,2026-03-11T18:10:00+00:00,2026-03-11T20:00:00+00:00,2026-03-11T18:09:00+00:00,28,0.29308210359512765
STX-2026-03-11 17:40:00+00:00,Task56,H2_middle,STX,60m,2026-03-11T17:40:00+00:00,2026-03-11T18:40:00+00:00,2026-03-11T20:00:00+00:00,2026-03-11T18:39:00+00:00,58,0.29308210359512765
STX-2026-03-11 17:40:00+00:00,Task56,H2_middle,STX,120m,2026-03-11T17:40:00+00:00,2026-03-11T19:40:00+00:00,2026-03-11T20:00:00+00:00,2026-03-11T19:39:00+00:00,117,0.3896454392393832
STX-2026-03-11 17:40:00+00:00,Task56,H2_middle,STX,TO_SESSION_CLOSE,2026-03-11T17:40:00+00:00,2026-03-11T20:00:00+00:00,2026-03-11T20:00:00+00:00,2026-03-11T19:59:00+00:00,137,0.44659304743983697
AMD-2026-03-12 14:01:00+00:00,Task56,H2_middle,AMD,15m,2026-03-12T14:01:00+00:00,2026-03-12T14:16:00+00:00,2026-03-12T20:00:00+00:00,2026-03-12T14:15:00+00:00,15,0.9708111403044483
AMD-2026-03-12 14:01:00+00:00,Task56,H2_middle,AMD,30m,2026-03-12T14:01:00+00:00,2026-03-12T14:31:00+00:00,2026-03-12T20:00:00+00:00,2026-03-12T14:30:00+00:00,30,0.9708111403044483
AMD-2026-03-12 14:01:00+00:00,Task56,H2_middle,AMD,60m,2026-03-12T14:01:00+00:00,2026-03-12T15:01:00+00:00,2026-03-12T20:00:00+00:00,2026-03-12T15:00:00+00:00,60,0.9708111403044483
AMD-2026-03-12 14:01:00+00:00,Task56,H2_middle,AMD,120m,2026-03-12T14:01:00+00:00,2026-03-12T16:01:00+00:00,2026-03-12T20:00:00+00:00,2026-03-12T16:00:00+00:00,120,0.9708111403044483
AMD-2026-03-12 14:01:00+00:00,Task56,H2_middle,AMD,TO_SESSION_CLOSE,2026-03-12T14:01:00+00:00,2026-03-12T20:00:00+00:00,2026-03-12T20:00:00+00:00,2026-03-12T19:59:00+00:00,359,0.9708111403044483
STX-2026-03-18 13:50:00+00:00,Task56,H2_middle,STX,15m,2026-03-18T13:50:00+00:00,2026-03-18T14:05:00+00:00,2026-03-18T20:00:00+00:00,2026-03-18T14:04:00+00:00,15,2.6691730165845393
STX-2026-03-18 13:50:00+00:00,Task56,H2_middle,STX,30m,2026-03-18T13:50:00+00:00,2026-03-18T14:20:00+00:00,2026-03-18T20:00:00+00:00,2026-03-18T14:19:00+00:00,30,3.0027902285970867
STX-2026-03-18 13:50:00+00:00,Task56,H2_middle,STX,60m,2026-03-18T13:50:00+00:00,2026-03-18T14:50:00+00:00,2026-03-18T20:00:00+00:00,2026-03-18T14:49:00+00:00,60,3.0027902285970867
STX-2026-03-18 13:50:00+00:00,Task56,H2_middle,STX,120m,2026-03-18T13:50:00+00:00,2026-03-18T15:50:00+00:00,2026-03-18T20:00:00+00:00,2026-03-18T15:49:00+00:00,120,4.333998207082093
STX-2026-03-18 13:50:00+00:00,Task56,H2_middle,STX,TO_SESSION_CLOSE,2026-03-18T13:50:00+00:00,2026-03-18T20:00:00+00:00,2026-03-18T20:00:00+00:00,2026-03-18T19:59:00+00:00,369,4.447523532048491
AMD-2026-03-20 14:31:00+00:00,Task56,H2_middle,AMD,15m,2026-03-20T14:31:00+00:00,2026-03-20T14:46:00+00:00,2026-03-20T20:00:00+00:00,2026-03-20T14:45:00+00:00,15,0.19295664202578233
AMD-2026-03-20 14:31:00+00:00,Task56,H2_middle,AMD,30m,2026-03-20T14:31:00+00:00,2026-03-20T15:01:00+00:00,2026-03-20T20:00:00+00:00,2026-03-20T15:00:00+00:00,30,0.4493775165863501
AMD-2026-03-20 14:31:00+00:00,Task56,H2_middle,AMD,60m,2026-03-20T14:31:00+00:00,2026-03-20T15:31:00+00:00,2026-03-20T20:00:00+00:00,2026-03-20T15:30:00+00:00,60,0.5471774584350368
AMD-2026-03-20 14:31:00+00:00,Task56,H2_middle,AMD,120m,2026-03-20T14:31:00+00:00,2026-03-20T16:31:00+00:00,2026-03-20T20:00:00+00:00,2026-03-20T16:30:00+00:00,120,0.6396644845238395
AMD-2026-03-20 14:31:00+00:00,Task56,H2_middle,AMD,TO_SESSION_CLOSE,2026-03-20T14:31:00+00:00,2026-03-20T20:00:00+00:00,2026-03-20T20:00:00+00:00,2026-03-20T19:59:00+00:00,329,0.6396644845238395
LRCX-2026-03-20 18:26:00+00:00,Task56,H2_middle,LRCX,15m,2026-03-20T18:26:00+00:00,2026-03-20T18:41:00+00:00,2026-03-20T20:00:00+00:00,2026-03-20T18:40:00+00:00,15,0.1537544696066773
LRCX-2026-03-20 18:26:00+00:00,Task56,H2_middle,LRCX,30m,2026-03-20T18:26:00+00:00,2026-03-20T18:56:00+00:00,2026-03-20T20:00:00+00:00,2026-03-20T18:55:00+00:00,30,0.1537544696066773
LRCX-2026-03-20 18:26:00+00:00,Task56,H2_middle,LRCX,60m,2026-03-20T18:26:00+00:00,2026-03-20T19:26:00+00:00,2026-03-20T20:00:00+00:00,2026-03-20T19:25:00+00:00,60,0.1537544696066773
LRCX-2026-03-20 18:26:00+00:00,Task56,H2_middle,LRCX,120m,2026-03-20T18:26:00+00:00,2026-03-20T20:00:00+00:00,2026-03-20T20:00:00+00:00,2026-03-20T19:59:00+00:00,94,0.7866507747318275
LRCX-2026-03-20 18:26:00+00:00,Task56,H2_middle,LRCX,TO_SESSION_CLOSE,2026-03-20T18:26:00+00:00,2026-03-20T20:00:00+00:00,2026-03-20T20:00:00+00:00,2026-03-20T19:59:00+00:00,94,0.7866507747318275
AMAT-2026-06-16 15:22:00+00:00,Task56,H3_late,AMAT,15m,2026-06-16T15:22:00+00:00,2026-06-16T15:37:00+00:00,2026-06-16T20:00:00+00:00,2026-06-16T15:36:00+00:00,15,0.24738926899532707
AMAT-2026-06-16 15:22:00+00:00,Task56,H3_late,AMAT,30m,2026-06-16T15:22:00+00:00,2026-06-16T15:52:00+00:00,2026-06-16T20:00:00+00:00,2026-06-16T15:51:00+00:00,30,0.24738926899532707
AMAT-2026-06-16 15:22:00+00:00,Task56,H3_late,AMAT,60m,2026-06-16T15:22:00+00:00,2026-06-16T16:22:00+00:00,2026-06-16T20:00:00+00:00,2026-06-16T16:21:00+00:00,60,0.7421678069860058
AMAT-2026-06-16 15:22:00+00:00,Task56,H3_late,AMAT,120m,2026-06-16T15:22:00+00:00,2026-06-16T17:22:00+00:00,2026-06-16T20:00:00+00:00,2026-06-16T17:21:00+00:00,120,0.7421678069860058
AMAT-2026-06-16 15:22:00+00:00,Task56,H3_late,AMAT,TO_SESSION_CLOSE,2026-06-16T15:22:00+00:00,2026-06-16T20:00:00+00:00,2026-06-16T20:00:00+00:00,2026-06-16T19:59:00+00:00,278,0.7421678069860058
ADI-2026-06-16 15:48:00+00:00,Task56,H3_late,ADI,15m,2026-06-16T15:48:00+00:00,2026-06-16T16:03:00+00:00,2026-06-16T20:00:00+00:00,2026-06-16T16:02:00+00:00,15,2.850713523453144
ADI-2026-06-16 15:48:00+00:00,Task56,H3_late,ADI,30m,2026-06-16T15:48:00+00:00,2026-06-16T16:18:00+00:00,2026-06-16T20:00:00+00:00,2026-06-16T16:17:00+00:00,30,4.125839880987466
ADI-2026-06-16 15:48:00+00:00,Task56,H3_late,ADI,60m,2026-06-16T15:48:00+00:00,2026-06-16T16:48:00+00:00,2026-06-16T20:00:00+00:00,2026-06-16T16:47:00+00:00,60,4.125839880987466
ADI-2026-06-16 15:48:00+00:00,Task56,H3_late,ADI,120m,2026-06-16T15:48:00+00:00,2026-06-16T17:48:00+00:00,2026-06-16T20:00:00+00:00,2026-06-16T17:47:00+00:00,120,4.125839880987466
ADI-2026-06-16 15:48:00+00:00,Task56,H3_late,ADI,TO_SESSION_CLOSE,2026-06-16T15:48:00+00:00,2026-06-16T20:00:00+00:00,2026-06-16T20:00:00+00:00,2026-06-16T19:59:00+00:00,252,4.125839880987466
PANW-2026-06-16 17:42:00+00:00,Task56,H3_late,PANW,15m,2026-06-16T17:42:00+00:00,2026-06-16T17:57:00+00:00,2026-06-16T20:00:00+00:00,2026-06-16T17:56:00+00:00,15,0.9782608695652362
PANW-2026-06-16 17:42:00+00:00,Task56,H3_late,PANW,30m,2026-06-16T17:42:00+00:00,2026-06-16T18:12:00+00:00,2026-06-16T20:00:00+00:00,2026-06-16T18:11:00+00:00,30,0.9782608695652362
PANW-2026-06-16 17:42:00+00:00,Task56,H3_late,PANW,60m,2026-06-16T17:42:00+00:00,2026-06-16T18:42:00+00:00,2026-06-16T20:00:00+00:00,2026-06-16T18:41:00+00:00,60,0.9782608695652362
PANW-2026-06-16 17:42:00+00:00,Task56,H3_late,PANW,120m,2026-06-16T17:42:00+00:00,2026-06-16T19:42:00+00:00,2026-06-16T20:00:00+00:00,2026-06-16T19:41:00+00:00,120,2.478260869565298
PANW-2026-06-16 17:42:00+00:00,Task56,H3_late,PANW,TO_SESSION_CLOSE,2026-06-16T17:42:00+00:00,2026-06-16T20:00:00+00:00,2026-06-16T20:00:00+00:00,2026-06-16T19:59:00+00:00,138,2.478260869565298
GILD-2026-06-17 16:43:00+00:00,Task56,H3_late,GILD,15m,2026-06-17T16:43:00+00:00,2026-06-17T16:58:00+00:00,2026-06-17T20:00:00+00:00,2026-06-17T16:57:00+00:00,15,0.1566920565832379
GILD-2026-06-17 16:43:00+00:00,Task56,H3_late,GILD,30m,2026-06-17T16:43:00+00:00,2026-06-17T17:13:00+00:00,2026-06-17T20:00:00+00:00,2026-06-17T17:12:00+00:00,30,0.1566920565832379
GILD-2026-06-17 16:43:00+00:00,Task56,H3_late,GILD,60m,2026-06-17T16:43:00+00:00,2026-06-17T17:43:00+00:00,2026-06-17T20:00:00+00:00,2026-06-17T17:42:00+00:00,60,0.1566920565832379
GILD-2026-06-17 16:43:00+00:00,Task56,H3_late,GILD,120m,2026-06-17T16:43:00+00:00,2026-06-17T18:43:00+00:00,2026-06-17T20:00:00+00:00,2026-06-17T18:42:00+00:00,120,0.1566920565832379
GILD-2026-06-17 16:43:00+00:00,Task56,H3_late,GILD,TO_SESSION_CLOSE,2026-06-17T16:43:00+00:00,2026-06-17T20:00:00+00:00,2026-06-17T20:00:00+00:00,2026-06-17T19:59:00+00:00,197,0.1566920565832379
VRTX-2026-06-18 14:39:00+00:00,Task56,H3_late,VRTX,15m,2026-06-18T14:39:00+00:00,2026-06-18T14:54:00+00:00,2026-06-18T20:00:00+00:00,2026-06-18T14:53:00+00:00,15,0.5039682539682729
VRTX-2026-06-18 14:39:00+00:00,Task56,H3_late,VRTX,30m,2026-06-18T14:39:00+00:00,2026-06-18T15:09:00+00:00,2026-06-18T20:00:00+00:00,2026-06-18T15:08:00+00:00,30,0.5039682539682729
VRTX-2026-06-18 14:39:00+00:00,Task56,H3_late,VRTX,60m,2026-06-18T14:39:00+00:00,2026-06-18T15:39:00+00:00,2026-06-18T20:00:00+00:00,2026-06-18T15:38:00+00:00,59,0.7653571428571453
VRTX-2026-06-18 14:39:00+00:00,Task56,H3_late,VRTX,120m,2026-06-18T14:39:00+00:00,2026-06-18T16:39:00+00:00,2026-06-18T20:00:00+00:00,2026-06-18T16:38:00+00:00,117,0.7653571428571453
VRTX-2026-06-18 14:39:00+00:00,Task56,H3_late,VRTX,TO_SESSION_CLOSE,2026-06-18T14:39:00+00:00,2026-06-18T20:00:00+00:00,2026-06-18T20:00:00+00:00,2026-06-18T19:59:00+00:00,318,1.0833333333333484
VRTX-2026-06-18 18:59:00+00:00,Task56,H3_late,VRTX,15m,2026-06-18T18:59:00+00:00,2026-06-18T19:14:00+00:00,2026-06-18T20:00:00+00:00,2026-06-18T19:13:00+00:00,15,0.05526315789473129
VRTX-2026-06-18 18:59:00+00:00,Task56,H3_late,VRTX,30m,2026-06-18T18:59:00+00:00,2026-06-18T19:29:00+00:00,2026-06-18T20:00:00+00:00,2026-06-18T19:28:00+00:00,30,0.05526315789473129
VRTX-2026-06-18 18:59:00+00:00,Task56,H3_late,VRTX,60m,2026-06-18T18:59:00+00:00,2026-06-18T19:59:00+00:00,2026-06-18T20:00:00+00:00,2026-06-18T19:58:00+00:00,60,0.05526315789473129
VRTX-2026-06-18 18:59:00+00:00,Task56,H3_late,VRTX,120m,2026-06-18T18:59:00+00:00,2026-06-18T20:00:00+00:00,2026-06-18T20:00:00+00:00,2026-06-18T19:59:00+00:00,61,0.05526315789473129
VRTX-2026-06-18 18:59:00+00:00,Task56,H3_late,VRTX,TO_SESSION_CLOSE,2026-06-18T18:59:00+00:00,2026-06-18T20:00:00+00:00,2026-06-18T20:00:00+00:00,2026-06-18T19:59:00+00:00,61,0.05526315789473129
AVGO-2026-06-22 14:32:00+00:00,Task56,H3_late,AVGO,15m,2026-06-22T14:32:00+00:00,2026-06-22T14:47:00+00:00,2026-06-22T20:00:00+00:00,2026-06-22T14:46:00+00:00,15,0.6901389179075941
AVGO-2026-06-22 14:32:00+00:00,Task56,H3_late,AVGO,30m,2026-06-22T14:32:00+00:00,2026-06-22T15:02:00+00:00,2026-06-22T20:00:00+00:00,2026-06-22T15:01:00+00:00,30,0.6901389179075941
AVGO-2026-06-22 14:32:00+00:00,Task56,H3_late,AVGO,60m,2026-06-22T14:32:00+00:00,2026-06-22T15:32:00+00:00,2026-06-22T20:00:00+00:00,2026-06-22T15:31:00+00:00,60,0.6901389179075941
AVGO-2026-06-22 14:32:00+00:00,Task56,H3_late,AVGO,120m,2026-06-22T14:32:00+00:00,2026-06-22T16:32:00+00:00,2026-06-22T20:00:00+00:00,2026-06-22T16:31:00+00:00,120,0.9591096749171926
AVGO-2026-06-22 14:32:00+00:00,Task56,H3_late,AVGO,TO_SESSION_CLOSE,2026-06-22T14:32:00+00:00,2026-06-22T20:00:00+00:00,2026-06-22T20:00:00+00:00,2026-06-22T19:59:00+00:00,328,0.9591096749171926
PANW-2026-06-24 17:18:00+00:00,Task56,H3_late,PANW,15m,2026-06-24T17:18:00+00:00,2026-06-24T17:33:00+00:00,2026-06-24T20:00:00+00:00,2026-06-24T17:32:00+00:00,15,0.1499942309911139
PANW-2026-06-24 17:18:00+00:00,Task56,H3_late,PANW,30m,2026-06-24T17:18:00+00:00,2026-06-24T17:48:00+00:00,2026-06-24T20:00:00+00:00,2026-06-24T17:47:00+00:00,30,0.21922233760240228
PANW-2026-06-24 17:18:00+00:00,Task56,H3_late,PANW,60m,2026-06-24T17:18:00+00:00,2026-06-24T18:18:00+00:00,2026-06-24T20:00:00+00:00,2026-06-24T18:17:00+00:00,60,0.32017999307716777
PANW-2026-06-24 17:18:00+00:00,Task56,H3_late,PANW,120m,2026-06-24T17:18:00+00:00,2026-06-24T19:18:00+00:00,2026-06-24T20:00:00+00:00,2026-06-24T19:17:00+00:00,120,0.853813314872502
PANW-2026-06-24 17:18:00+00:00,Task56,H3_late,PANW,TO_SESSION_CLOSE,2026-06-24T17:18:00+00:00,2026-06-24T20:00:00+00:00,2026-06-24T20:00:00+00:00,2026-06-24T19:59:00+00:00,162,0.853813314872502
BKNG-2026-06-25 18:40:00+00:00,Task56,H3_late,BKNG,15m,2026-06-25T18:40:00+00:00,2026-06-25T18:55:00+00:00,2026-06-25T20:00:00+00:00,2026-06-25T18:54:00+00:00,15,0.1574750830564755
BKNG-2026-06-25 18:40:00+00:00,Task56,H3_late,BKNG,30m,2026-06-25T18:40:00+00:00,2026-06-25T19:10:00+00:00,2026-06-25T20:00:00+00:00,2026-06-25T19:09:00+00:00,30,0.25813953488371627
BKNG-2026-06-25 18:40:00+00:00,Task56,H3_late,BKNG,60m,2026-06-25T18:40:00+00:00,2026-06-25T19:40:00+00:00,2026-06-25T20:00:00+00:00,2026-06-25T19:39:00+00:00,60,0.36777408637873427
BKNG-2026-06-25 18:40:00+00:00,Task56,H3_late,BKNG,120m,2026-06-25T18:40:00+00:00,2026-06-25T20:00:00+00:00,2026-06-25T20:00:00+00:00,2026-06-25T19:59:00+00:00,80,0.36777408637873427
BKNG-2026-06-25 18:40:00+00:00,Task56,H3_late,BKNG,TO_SESSION_CLOSE,2026-06-25T18:40:00+00:00,2026-06-25T20:00:00+00:00,2026-06-25T20:00:00+00:00,2026-06-25T19:59:00+00:00,80,0.36777408637873427
MU-2026-06-26 18:21:00+00:00,Task56,H3_late,MU,15m,2026-06-26T18:21:00+00:00,2026-06-26T18:36:00+00:00,2026-06-26T20:00:00+00:00,2026-06-26T18:35:00+00:00,15,1.5475687103590647
MU-2026-06-26 18:21:00+00:00,Task56,H3_late,MU,30m,2026-06-26T18:21:00+00:00,2026-06-26T18:51:00+00:00,2026-06-26T20:00:00+00:00,2026-06-26T18:50:00+00:00,30,1.5475687103590647
MU-2026-06-26 18:21:00+00:00,Task56,H3_late,MU,60m,2026-06-26T18:21:00+00:00,2026-06-26T19:21:00+00:00,2026-06-26T20:00:00+00:00,2026-06-26T19:20:00+00:00,60,3.3615221987306514
MU-2026-06-26 18:21:00+00:00,Task56,H3_late,MU,120m,2026-06-26T18:21:00+00:00,2026-06-26T20:00:00+00:00,2026-06-26T20:00:00+00:00,2026-06-26T19:59:00+00:00,99,3.3615221987306514
MU-2026-06-26 18:21:00+00:00,Task56,H3_late,MU,TO_SESSION_CLOSE,2026-06-26T18:21:00+00:00,2026-06-26T20:00:00+00:00,2026-06-26T20:00:00+00:00,2026-06-26T19:59:00+00:00,99,3.3615221987306514
LRCX-2026-07-01 15:00:00+00:00,Task56,H3_late,LRCX,15m,2026-07-01T15:00:00+00:00,2026-07-01T15:15:00+00:00,2026-07-01T20:00:00+00:00,2026-07-01T15:14:00+00:00,15,1.8021167225204708
LRCX-2026-07-01 15:00:00+00:00,Task56,H3_late,LRCX,30m,2026-07-01T15:00:00+00:00,2026-07-01T15:30:00+00:00,2026-07-01T20:00:00+00:00,2026-07-01T15:29:00+00:00,30,2.9931433330160573
LRCX-2026-07-01 15:00:00+00:00,Task56,H3_late,LRCX,60m,2026-07-01T15:00:00+00:00,2026-07-01T16:00:00+00:00,2026-07-01T20:00:00+00:00,2026-07-01T15:59:00+00:00,60,3.280715150439521
LRCX-2026-07-01 15:00:00+00:00,Task56,H3_late,LRCX,120m,2026-07-01T15:00:00+00:00,2026-07-01T17:00:00+00:00,2026-07-01T20:00:00+00:00,2026-07-01T16:59:00+00:00,120,3.280715150439521
LRCX-2026-07-01 15:00:00+00:00,Task56,H3_late,LRCX,TO_SESSION_CLOSE,2026-07-01T15:00:00+00:00,2026-07-01T20:00:00+00:00,2026-07-01T20:00:00+00:00,2026-07-01T19:59:00+00:00,300,3.280715150439521
AMAT-2026-07-01 17:20:00+00:00,Task56,H3_late,AMAT,15m,2026-07-01T17:20:00+00:00,2026-07-01T17:35:00+00:00,2026-07-01T20:00:00+00:00,2026-07-01T17:34:00+00:00,15,0.18414128014617748
AMAT-2026-07-01 17:20:00+00:00,Task56,H3_late,AMAT,30m,2026-07-01T17:20:00+00:00,2026-07-01T17:50:00+00:00,2026-07-01T20:00:00+00:00,2026-07-01T17:49:00+00:00,30,0.18414128014617748
AMAT-2026-07-01 17:20:00+00:00,Task56,H3_late,AMAT,60m,2026-07-01T17:20:00+00:00,2026-07-01T18:20:00+00:00,2026-07-01T20:00:00+00:00,2026-07-01T18:19:00+00:00,60,0.18414128014617748
AMAT-2026-07-01 17:20:00+00:00,Task56,H3_late,AMAT,120m,2026-07-01T17:20:00+00:00,2026-07-01T19:20:00+00:00,2026-07-01T20:00:00+00:00,2026-07-01T19:19:00+00:00,120,1.0025469696848304
AMAT-2026-07-01 17:20:00+00:00,Task56,H3_late,AMAT,TO_SESSION_CLOSE,2026-07-01T17:20:00+00:00,2026-07-01T20:00:00+00:00,2026-07-01T20:00:00+00:00,2026-07-01T19:59:00+00:00,160,4.13522208130766
KLAC-2026-07-01 17:40:00+00:00,Task56,H3_late,KLAC,15m,2026-07-01T17:40:00+00:00,2026-07-01T17:55:00+00:00,2026-07-01T20:00:00+00:00,2026-07-01T17:54:00+00:00,15,0.5215030454248354
KLAC-2026-07-01 17:40:00+00:00,Task56,H3_late,KLAC,30m,2026-07-01T17:40:00+00:00,2026-07-01T18:10:00+00:00,2026-07-01T20:00:00+00:00,2026-07-01T18:09:00+00:00,30,0.5215030454248354
KLAC-2026-07-01 17:40:00+00:00,Task56,H3_late,KLAC,60m,2026-07-01T17:40:00+00:00,2026-07-01T18:40:00+00:00,2026-07-01T20:00:00+00:00,2026-07-01T18:39:00+00:00,60,0.5215030454248354
KLAC-2026-07-01 17:40:00+00:00,Task56,H3_late,KLAC,120m,2026-07-01T17:40:00+00:00,2026-07-01T19:40:00+00:00,2026-07-01T20:00:00+00:00,2026-07-01T19:39:00+00:00,120,0.5215030454248354
KLAC-2026-07-01 17:40:00+00:00,Task56,H3_late,KLAC,TO_SESSION_CLOSE,2026-07-01T17:40:00+00:00,2026-07-01T20:00:00+00:00,2026-07-01T20:00:00+00:00,2026-07-01T19:59:00+00:00,140,0.5215030454248354
CMCSA-2026-07-01 18:31:00+00:00,Task56,H3_late,CMCSA,15m,2026-07-01T18:31:00+00:00,2026-07-01T18:46:00+00:00,2026-07-01T20:00:00+00:00,2026-07-01T18:45:00+00:00,15,0.6110267470520742
CMCSA-2026-07-01 18:31:00+00:00,Task56,H3_late,CMCSA,30m,2026-07-01T18:31:00+00:00,2026-07-01T19:01:00+00:00,2026-07-01T20:00:00+00:00,2026-07-01T19:00:00+00:00,30,0.8147023294027174
CMCSA-2026-07-01 18:31:00+00:00,Task56,H3_late,CMCSA,60m,2026-07-01T18:31:00+00:00,2026-07-01T19:31:00+00:00,2026-07-01T20:00:00+00:00,2026-07-01T19:30:00+00:00,60,0.8147023294027174
CMCSA-2026-07-01 18:31:00+00:00,Task56,H3_late,CMCSA,120m,2026-07-01T18:31:00+00:00,2026-07-01T20:00:00+00:00,2026-07-01T20:00:00+00:00,2026-07-01T19:59:00+00:00,89,0.8147023294027174
CMCSA-2026-07-01 18:31:00+00:00,Task56,H3_late,CMCSA,TO_SESSION_CLOSE,2026-07-01T18:31:00+00:00,2026-07-01T20:00:00+00:00,2026-07-01T20:00:00+00:00,2026-07-01T19:59:00+00:00,89,0.8147023294027174
VRTX-2026-07-06 14:02:00+00:00,Task56,H3_late,VRTX,15m,2026-07-06T14:02:00+00:00,2026-07-06T14:17:00+00:00,2026-07-06T20:00:00+00:00,2026-07-06T14:16:00+00:00,15,0.5545378850957765
VRTX-2026-07-06 14:02:00+00:00,Task56,H3_late,VRTX,30m,2026-07-06T14:02:00+00:00,2026-07-06T14:32:00+00:00,2026-07-06T20:00:00+00:00,2026-07-06T14:31:00+00:00,30,1.1215653621982031
VRTX-2026-07-06 14:02:00+00:00,Task56,H3_late,VRTX,60m,2026-07-06T14:02:00+00:00,2026-07-06T15:02:00+00:00,2026-07-06T20:00:00+00:00,2026-07-06T15:01:00+00:00,60,1.793505412156576
VRTX-2026-07-06 14:02:00+00:00,Task56,H3_late,VRTX,120m,2026-07-06T14:02:00+00:00,2026-07-06T16:02:00+00:00,2026-07-06T20:00:00+00:00,2026-07-06T16:01:00+00:00,120,3.0037468776020804
VRTX-2026-07-06 14:02:00+00:00,Task56,H3_late,VRTX,TO_SESSION_CLOSE,2026-07-06T14:02:00+00:00,2026-07-06T20:00:00+00:00,2026-07-06T20:00:00+00:00,2026-07-06T19:59:00+00:00,355,3.9866777685263535
GILD-2026-07-06 14:11:00+00:00,Task56,H3_late,GILD,15m,2026-07-06T14:11:00+00:00,2026-07-06T14:26:00+00:00,2026-07-06T20:00:00+00:00,2026-07-06T14:25:00+00:00,15,0.10273972602742706
GILD-2026-07-06 14:11:00+00:00,Task56,H3_late,GILD,30m,2026-07-06T14:11:00+00:00,2026-07-06T14:41:00+00:00,2026-07-06T20:00:00+00:00,2026-07-06T14:40:00+00:00,30,0.10273972602742706
GILD-2026-07-06 14:11:00+00:00,Task56,H3_late,GILD,60m,2026-07-06T14:11:00+00:00,2026-07-06T15:11:00+00:00,2026-07-06T20:00:00+00:00,2026-07-06T15:10:00+00:00,60,1.6643835616439446
GILD-2026-07-06 14:11:00+00:00,Task56,H3_late,GILD,120m,2026-07-06T14:11:00+00:00,2026-07-06T16:11:00+00:00,2026-07-06T20:00:00+00:00,2026-07-06T16:10:00+00:00,120,1.6643835616439446
GILD-2026-07-06 14:11:00+00:00,Task56,H3_late,GILD,TO_SESSION_CLOSE,2026-07-06T14:11:00+00:00,2026-07-06T20:00:00+00:00,2026-07-06T20:00:00+00:00,2026-07-06T19:59:00+00:00,349,2.979452054794684
ADBE-2026-07-06 18:47:00+00:00,Task56,H3_late,ADBE,15m,2026-07-06T18:47:00+00:00,2026-07-06T19:02:00+00:00,2026-07-06T20:00:00+00:00,2026-07-06T19:01:00+00:00,15,0.18233944954128303
ADBE-2026-07-06 18:47:00+00:00,Task56,H3_late,ADBE,30m,2026-07-06T18:47:00+00:00,2026-07-06T19:17:00+00:00,2026-07-06T20:00:00+00:00,2026-07-06T19:16:00+00:00,30,0.18233944954128303
ADBE-2026-07-06 18:47:00+00:00,Task56,H3_late,ADBE,60m,2026-07-06T18:47:00+00:00,2026-07-06T19:47:00+00:00,2026-07-06T20:00:00+00:00,2026-07-06T19:46:00+00:00,60,0.18233944954128303
ADBE-2026-07-06 18:47:00+00:00,Task56,H3_late,ADBE,120m,2026-07-06T18:47:00+00:00,2026-07-06T20:00:00+00:00,2026-07-06T20:00:00+00:00,2026-07-06T19:59:00+00:00,73,0.32666284403669427
ADBE-2026-07-06 18:47:00+00:00,Task56,H3_late,ADBE,TO_SESSION_CLOSE,2026-07-06T18:47:00+00:00,2026-07-06T20:00:00+00:00,2026-07-06T20:00:00+00:00,2026-07-06T19:59:00+00:00,73,0.32666284403669427
PANW-2026-07-07 18:48:00+00:00,Task56,H3_late,PANW,15m,2026-07-07T18:48:00+00:00,2026-07-07T19:03:00+00:00,2026-07-07T20:00:00+00:00,2026-07-07T19:02:00+00:00,15,0.04346544865183651
PANW-2026-07-07 18:48:00+00:00,Task56,H3_late,PANW,30m,2026-07-07T18:48:00+00:00,2026-07-07T19:18:00+00:00,2026-07-07T20:00:00+00:00,2026-07-07T19:17:00+00:00,30,0.04346544865183651
PANW-2026-07-07 18:48:00+00:00,Task56,H3_late,PANW,60m,2026-07-07T18:48:00+00:00,2026-07-07T19:48:00+00:00,2026-07-07T20:00:00+00:00,2026-07-07T19:47:00+00:00,60,0.04346544865183651
PANW-2026-07-07 18:48:00+00:00,Task56,H3_late,PANW,120m,2026-07-07T18:48:00+00:00,2026-07-07T20:00:00+00:00,2026-07-07T20:00:00+00:00,2026-07-07T19:59:00+00:00,72,0.04346544865183651
PANW-2026-07-07 18:48:00+00:00,Task56,H3_late,PANW,TO_SESSION_CLOSE,2026-07-07T18:48:00+00:00,2026-07-07T20:00:00+00:00,2026-07-07T20:00:00+00:00,2026-07-07T19:59:00+00:00,72,0.04346544865183651
META-2026-07-08 14:42:00+00:00,Task56,H3_late,META,15m,2026-07-08T14:42:00+00:00,2026-07-08T14:57:00+00:00,2026-07-08T20:00:00+00:00,2026-07-08T14:56:00+00:00,15,0.5942982430053998
META-2026-07-08 14:42:00+00:00,Task56,H3_late,META,30m,2026-07-08T14:42:00+00:00,2026-07-08T15:12:00+00:00,2026-07-08T20:00:00+00:00,2026-07-08T15:11:00+00:00,30,1.1053947319899842
META-2026-07-08 14:42:00+00:00,Task56,H3_late,META,60m,2026-07-08T14:42:00+00:00,2026-07-08T15:42:00+00:00,2026-07-08T20:00:00+00:00,2026-07-08T15:41:00+00:00,60,1.5332894669538881
META-2026-07-08 14:42:00+00:00,Task56,H3_late,META,120m,2026-07-08T14:42:00+00:00,2026-07-08T16:42:00+00:00,2026-07-08T20:00:00+00:00,2026-07-08T16:41:00+00:00,120,2.1454166572494335
META-2026-07-08 14:42:00+00:00,Task56,H3_late,META,TO_SESSION_CLOSE,2026-07-08T14:42:00+00:00,2026-07-08T20:00:00+00:00,2026-07-08T20:00:00+00:00,2026-07-08T19:59:00+00:00,318,3.5241885810219906
GILD-2026-07-08 17:32:00+00:00,Task56,H3_late,GILD,15m,2026-07-08T17:32:00+00:00,2026-07-08T17:47:00+00:00,2026-07-08T20:00:00+00:00,2026-07-08T17:46:00+00:00,15,0.31878557874763563
GILD-2026-07-08 17:32:00+00:00,Task56,H3_late,GILD,30m,2026-07-08T17:32:00+00:00,2026-07-08T18:02:00+00:00,2026-07-08T20:00:00+00:00,2026-07-08T18:01:00+00:00,30,0.3301707779886284
GILD-2026-07-08 17:32:00+00:00,Task56,H3_late,GILD,60m,2026-07-08T17:32:00+00:00,2026-07-08T18:32:00+00:00,2026-07-08T20:00:00+00:00,2026-07-08T18:31:00+00:00,60,0.4724857685009652
GILD-2026-07-08 17:32:00+00:00,Task56,H3_late,GILD,120m,2026-07-08T17:32:00+00:00,2026-07-08T19:32:00+00:00,2026-07-08T20:00:00+00:00,2026-07-08T19:31:00+00:00,120,0.5123339658444156
GILD-2026-07-08 17:32:00+00:00,Task56,H3_late,GILD,TO_SESSION_CLOSE,2026-07-08T17:32:00+00:00,2026-07-08T20:00:00+00:00,2026-07-08T20:00:00+00:00,2026-07-08T19:59:00+00:00,148,0.535104364326385
INTU-2026-07-09 17:42:00+00:00,Task56,H3_late,INTU,15m,2026-07-09T17:42:00+00:00,2026-07-09T17:57:00+00:00,2026-07-09T20:00:00+00:00,2026-07-09T17:56:00+00:00,15,0.14732142857143102
INTU-2026-07-09 17:42:00+00:00,Task56,H3_late,INTU,30m,2026-07-09T17:42:00+00:00,2026-07-09T18:12:00+00:00,2026-07-09T20:00:00+00:00,2026-07-09T18:11:00+00:00,30,0.18214285714285822
INTU-2026-07-09 17:42:00+00:00,Task56,H3_late,INTU,60m,2026-07-09T17:42:00+00:00,2026-07-09T18:42:00+00:00,2026-07-09T20:00:00+00:00,2026-07-09T18:41:00+00:00,60,0.2812500000000019
INTU-2026-07-09 17:42:00+00:00,Task56,H3_late,INTU,120m,2026-07-09T17:42:00+00:00,2026-07-09T19:42:00+00:00,2026-07-09T20:00:00+00:00,2026-07-09T19:41:00+00:00,120,0.44464285714286206
INTU-2026-07-09 17:42:00+00:00,Task56,H3_late,INTU,TO_SESSION_CLOSE,2026-07-09T17:42:00+00:00,2026-07-09T20:00:00+00:00,2026-07-09T20:00:00+00:00,2026-07-09T19:59:00+00:00,138,0.6482142857142873
