trade_id,task,window,symbol,gross_R,mfe_R,mae_R,realization_ratio,canonical_mfe_price,recomputed_mfe_price,canonical_mae_price,recomputed_mae_price,lifecycle_end_inclusive,lifecycle_bar_count
STX-2025-10-27 16:24:00+00:00,Task53,X_early,STX,-1.0,0.2302252918927663,-1.1017924683440865,,230.23,230.23,229.42,229.42,True,3
QCOM-2025-10-28 14:31:00+00:00,Task53,X_early,QCOM,0.160617876424715,0.2618476304739053,-0.0404829034193174,0.6134020618556697,183.06,183.06,179.7001,179.7001,False,295
KLAC-2025-10-30 15:57:00+00:00,Task53,X_early,KLAC,-1.0,1.608569501462182,-1.1030190867168326,,1211.2,1211.2,1204.71,1204.71,True,12
AMAT-2025-10-30 16:42:00+00:00,Task53,X_early,AMAT,-1.0,0.4454545454545675,-1.0545454545454842,,234.36,234.36,232.71,232.71,True,25
AMZN-2025-10-30 16:42:00+00:00,Task53,X_early,AMZN,-1.0,1.3583227170798624,-1.1789216035032946,,226.36,226.36,225.37,225.37,True,22
GOOGL-2025-10-31 14:02:00+00:00,Task53,X_early,GOOGL,-1.0,0.1107205623901485,-1.0650263620386655,,279.27,279.27,277.04,277.04,True,3
STX-2025-10-31 14:04:00+00:00,Task53,X_early,STX,-1.0,0.7546216312232659,-1.0426856262804012,,259.625,259.625,254.54,254.54,True,8
MU-2025-10-31 16:15:00+00:00,Task53,X_early,MU,-1.0,0.0469416785206334,-1.1223328591750033,,221.96,221.96,220.59,220.59,True,5
LRCX-2025-10-31 16:25:00+00:00,Task53,X_early,LRCX,-1.0,0.0,-1.0049895322201954,,158.395,158.395,158.03,158.03,True,2
AMD-2026-03-24 17:14:00+00:00,Task53,Y_middle,AMD,4.872438730414133,6.930494174367679,-0.5664925672961393,0.7030434782608675,206.43,206.43,200.21,200.21,True,157
AMD-2026-03-26 15:28:00+00:00,Task53,Y_middle,AMD,-1.0,3.335695669793541,-1.3328055545974122,,209.3,209.3,206.13,206.13,True,60
ADBE-2026-06-03 13:52:00+00:00,Task53,Z_late,ADBE,-1.0,0.3598393855434517,-1.2430815136955755,,254.3,254.3,252.34,252.34,True,6
ADI-2026-06-04 15:51:00+00:00,Task53,Z_late,ADI,13.439597315440796,14.62751677852851,-0.8053691275170044,0.9187887130075666,431.795,431.795,424.13,424.13,False,145
KLAC-2026-06-04 15:51:00+00:00,Task53,Z_late,KLAC,0.7323998068565791,0.8284403669724661,-0.0596813133751923,0.8840706417205778,2111.105,2111.105,2080.45,2080.45,False,54
KLAC-2026-06-05 13:51:00+00:00,Task53,Z_late,KLAC,-1.0,2.786952146749597,-1.0680549076608068,,2038.79,2038.79,1984.0001,1984.0001,True,172
CSCO-2026-06-05 16:50:00+00:00,Task53,Z_late,CSCO,-1.0,0.495491967340785,-1.030623292068853,,123.375,123.375,122.99,122.99,True,2
VRTX-2026-06-08 16:37:00+00:00,Task53,Z_late,VRTX,-1.0,0.5272727272725958,-1.3636363636361946,,443.58,443.58,442.54,442.54,True,4
AMAT-2025-10-03 17:56:00+00:00,Task54,W1,AMAT,1.8940451561277216,4.23965074682896,-0.3512136713349809,0.4467455621301754,218.75,218.75,216.92,216.92,True,115
STX-2025-10-06 18:52:00+00:00,Task54,W1,STX,-1.0,0.2888579215370275,-1.0200986046041154,,245.9099,245.9099,245.14,245.14,True,13
LRCX-2025-10-07 15:53:00+00:00,Task54,W1,LRCX,-1.0,0.361963779518723,-1.1464916093354185,,143.3868,143.3868,142.65,142.65,True,3
MU-2025-10-07 15:53:00+00:00,Task54,W1,MU,1.9853267474527871,2.8007288044423184,-0.3072529490105384,0.7088607594936724,186.56,186.56,183.93,183.93,True,238
INTC-2025-10-07 15:55:00+00:00,Task54,W1,INTC,1.0426450990303606,1.6284178116814296,-0.0118560727907741,0.6402810700982036,37.6699,37.6699,36.4801,36.4801,True,236
AMAT-2025-10-07 15:57:00+00:00,Task54,W1,AMAT,-1.0,1.903549385517865,-1.0132612262616163,,217.2499,217.2499,215.35,215.35,True,16
AMAT-2025-10-07 18:07:00+00:00,Task54,W1,AMAT,-1.0,0.5541498725238138,-2.1796561652603668,,215.1,215.1,213.99,213.99,True,20
MU-2025-10-09 17:01:00+00:00,Task54,W1,MU,-1.0,0.724137931034841,-2.172413793104131,,191.52,191.52,191.1,191.1,True,3
AVGO-2025-10-14 18:04:00+00:00,Task54,W1,AVGO,-1.0,4.448545889927364,-2.6338912088814754,,349.3299,349.33,344.92,344.92,True,94
LRCX-2025-10-16 14:03:00+00:00,Task54,W1,LRCX,-1.0,0.8804780876493974,-1.0079681274900554,,144.56,144.56,142.19,142.19,True,115
MU-2025-10-22 14:41:00+00:00,Task54,W1,MU,-1.0,0.0375059148787421,-1.243053178838429,,198.315,198.315,197.12,197.12,True,2
KLAC-2025-10-22 16:34:00+00:00,Task54,W1,KLAC,-1.0,2.1331734196084486,-1.233530716556252,,1112.12,1112.12,1104.86,1104.86,True,35
INTC-2025-12-04 16:07:00+00:00,Task54,W2,INTC,-1.0,1.186195352975648,-1.1043887769083218,,41.95,41.95,41.67,41.67,True,10
AMAT-2025-12-05 17:43:00+00:00,Task54,W2,AMAT,0.7613267316190341,0.8997497737315802,-0.0851834105308139,0.8461538461538514,269.68,269.68,267.83,267.83,False,77
INTC-2025-12-08 15:05:00+00:00,Task54,W2,INTC,-1.0,4.4999999999986295,-2.357142857142118,,41.02,41.02,40.7,40.7,True,11
AVGO-2025-12-11 15:03:00+00:00,Task54,W2,AVGO,-1.0,2.469531255456036,-1.0413279284925696,,402.1499,402.1499,395.39,395.39,True,46
LRCX-2025-12-11 15:03:00+00:00,Task54,W2,LRCX,7.063386676485419,7.761901972815069,0.0,0.9100071994240461,168.105,168.105,161.16,161.16,False,306
STX-2025-12-12 16:40:00+00:00,Task54,W2,STX,3.1195796527510256,8.088490955935315,-0.1369875296617389,0.3856812933025394,293.99,293.99,280.78,280.78,True,250
AMAT-2026-04-23 17:48:00+00:00,Task54,W3,AMAT,1.0086206896551488,1.4237749546279117,-0.4029038112522659,0.7084130019120479,404.03,404.03,397.32,397.32,True,123
KLAC-2026-04-23 17:48:00+00:00,Task54,W3,KLAC,1.9976668222118228,3.475268315445596,-0.4409846010266015,0.57482376636455,1819.795,1819.795,1791.8199,1791.8199,False,50
TXN-2026-04-27 18:21:00+00:00,Task54,W3,TXN,10.455746766609664,10.455746766609664,0.0,1.0,270.56,270.56,267.86,267.86,True,90
INTC-2026-04-28 14:42:00+00:00,Task54,W3,INTC,4.7173752502130375,5.5151174984776645,-0.9470403785264636,0.8553535353535392,83.85,83.85,80.95,80.95,False,191
STX-2026-04-28 14:53:00+00:00,Task54,W3,STX,3.5972900215164243,7.151310288810119,-0.3894277880045161,0.5030253025302535,585.93,585.93,566.76,566.76,True,298
AMZN-2026-04-30 13:50:00+00:00,Task54,W3,AMZN,-1.0,1.1942694802160414,-1.4354895987141087,,262.59,262.59,257.9,257.9,True,28
MU-2026-04-30 14:20:00+00:00,Task54,W3,MU,-1.0,0.4296832836245106,-1.0104530606448192,,512.84,512.84,507.77,507.77,True,10
PANW-2026-04-30 17:01:00+00:00,Task54,W3,PANW,-1.0,1.535958857629385,-7.320099732334323,,178.6101,178.6101,176.505,176.505,True,2
QCOM-2026-05-04 16:06:00+00:00,Task54,W3,QCOM,-1.0,0.3989487403485438,-1.7509416937518585,,168.57,168.57,167.6,167.6,True,3
INTU-2026-05-05 15:58:00+00:00,Task54,W3,INTU,-1.0,0.0,-1.1003229342537335,,394.97,394.97,393.96,393.96,True,6
AVGO-2026-05-06 14:11:00+00:00,Task54,W3,AVGO,-1.0,0.0140668959049682,-1.0812753985620516,,425.51,425.51,419.67,419.67,True,7
AMD-2026-05-07 15:53:00+00:00,Task54,W3,AMD,-1.0,0.2752452394691353,-1.026543566070394,,409.17,409.17,405.41,405.41,True,16
LRCX-2026-05-07 15:54:00+00:00,Task54,W3,LRCX,-1.0,1.1653891059308574,-2.0215933470229324,,288.12,288.12,286.78,286.78,True,2
MU-2026-05-07 16:01:00+00:00,Task54,W3,MU,-1.0,0.1008092168426857,-1.1169908105884108,,653.6,653.6,638.8017,638.8017,True,15
AMAT-2026-05-07 16:22:00+00:00,Task54,W3,AMAT,3.4760933251111537,4.070035937770946,-0.2420064973178529,0.8540694426926658,412.7999,412.7999,406.92,406.92,True,209
QCOM-2026-05-12 14:19:00+00:00,Task54,W3,QCOM,-1.0,0.952871739171799,-1.3900192132086455,,220.8951,220.8951,217.01,217.01,True,7
AMAT-2026-05-12 15:27:00+00:00,Task54,W3,AMAT,-1.0,2.681502983769496,-1.0331331842228708,,422.21,422.21,417.41,417.41,True,82
TSLA-2026-05-12 15:31:00+00:00,Task54,W3,TSLA,-1.0,1.021365315118551,-1.0953099559191262,,429.93,429.93,424.6,424.6,True,28
QCOM-2026-05-12 17:01:00+00:00,Task54,W3,QCOM,7.813636173799972,7.9843094554119824,-0.4853521445841762,0.9786239144956583,210.95,210.95,203.01,203.01,True,170
AMAT-2026-05-13 14:14:00+00:00,Task54,W3,AMAT,0.8704496788008531,1.282655246252674,-0.1862955032119918,0.6786310517529204,430.13,430.13,423.27,423.27,False,98
AMAT-2026-05-15 17:15:00+00:00,Task54,W3,AMAT,2.7702697664110465,7.357890952064713,-0.6375477513198089,0.3765032377428311,444.5,444.5,435.69,435.69,True,156
INTC-2025-12-31 18:08:00+00:00,Task56,H1_early,INTC,-0.1605940594059383,0.2277227722772305,-0.6039603960396004,,37.29,37.29,36.87,36.87,True,163
INTC-2026-01-06 16:05:00+00:00,Task56,H1_early,INTC,0.7409200968522905,1.1694915254237177,-0.02179176755448,0.6335403726708052,39.88,39.88,39.06,39.06,False,161
KLAC-2026-01-07 18:08:00+00:00,Task56,H1_early,KLAC,-1.0,0.8441266455749913,-1.0522674622920931,,1357.01,1357.01,1354.55,1354.55,True,4
AMAT-2026-01-08 15:05:00+00:00,Task56,H1_early,AMAT,-1.0,0.6910066480698424,-1.14012852768858,,283.495,283.495,280.6728,280.6728,True,30
INTC-2026-01-08 15:09:00+00:00,Task56,H1_early,INTC,-0.3542724097788112,0.2200232828870766,-0.736903376018627,,42.05,42.05,40.68,40.68,True,342
VRTX-2026-01-08 19:15:00+00:00,Task56,H1_early,VRTX,-1.0,0.7986453563531963,-1.121818963300913,,471.0899,471.0899,468.95,468.95,True,18
INTC-2026-01-12 18:37:00+00:00,Task56,H1_early,INTC,0.0,0.2606457148986379,-0.131931781615363,,44.77,44.77,44.16,44.16,True,134
LRCX-2026-01-13 19:12:00+00:00,Task56,H1_early,LRCX,-1.0,2.175731298928544,-1.7602650207411907,,216.86,216.86,215.06,215.06,True,47
PANW-2026-01-14 16:02:00+00:00,Task56,H1_early,PANW,-1.0,0.3839999999999743,-1.463999999999898,,188.73,188.73,187.96,187.96,True,5
KLAC-2026-01-20 17:57:00+00:00,Task56,H1_early,KLAC,-1.0,0.41385279588028,-1.416837218837096,,1515.95,1515.95,1510.31,1510.31,True,24
KLAC-2026-01-20 19:38:00+00:00,Task56,H1_early,KLAC,-1.0,6.153856699397503,-3.205006635810969,,1503.815,1503.815,1488.47,1488.47,True,48
AMAT-2026-01-23 17:54:00+00:00,Task56,H1_early,AMAT,0.3861964517524909,0.6166161834703667,-0.1257572479446101,0.626315789473681,323.07,323.07,318.495,318.495,True,177
AMD-2026-01-26 20:15:00+00:00,Task56,H1_early,AMD,0.4043244795038053,2.199525168500723,-0.6792651255664187,0.18382352941176283,251.77,251.77,250.88,250.88,True,36
AMAT-2026-02-23 16:14:00+00:00,Task56,H2_middle,AMAT,0.7981180496150398,1.7579127459366617,-0.4901625320786797,0.4540145985401464,374.08,374.08,369.7,369.7,False,268
AMD-2026-02-25 19:44:00+00:00,Task56,H2_middle,AMD,-0.193069565217394,0.0182608695652155,-0.3052173913043512,,211.88,211.88,210.64,210.64,True,67
BKNG-2026-03-09 19:20:00+00:00,Task56,H2_middle,BKNG,5.467750550323512,6.327999426100329,-0.2037624904980531,0.864056739286566,4440.0,4440.0,4353.77,4353.77,True,31
INTU-2026-03-10 13:50:00+00:00,Task56,H2_middle,INTU,-1.0,0.0849577086008172,-1.014343551173442,,457.58,457.58,453.31,453.31,True,8
INTU-2026-03-10 16:11:00+00:00,Task56,H2_middle,INTU,0.4644357288829466,5.941574324674531,-0.7286836435921324,0.0781671159029703,459.94,459.94,451.61,451.61,True,220
STX-2026-03-11 17:40:00+00:00,Task56,H2_middle,STX,0.2325319401802486,0.4465930474398338,-0.119169060116868,0.5206797139213769,387.07,387.07,382.5,382.5,True,128
AMD-2026-03-12 14:01:00+00:00,Task56,H2_middle,AMD,-1.0,0.9708111403044484,-1.2328705892209428,,200.33,200.33,198.48,198.48,True,23
STX-2026-03-18 13:50:00+00:00,Task56,H2_middle,STX,3.240699238009925,4.333998207082093,-0.3681084715374228,0.747738942926734,421.2222,421.2222,407.235,407.235,False,119
AMD-2026-03-20 14:31:00+00:00,Task56,H2_middle,AMD,-0.1823572429227219,0.6396644845238347,-0.5999894270333254,,202.9499,202.9499,198.26,198.26,True,320
LRCX-2026-03-20 18:26:00+00:00,Task56,H2_middle,LRCX,-0.1060786650774717,0.1537544696066773,-0.7365911799761641,,225.78,225.78,222.045,222.045,True,85
AMAT-2026-06-16 15:22:00+00:00,Task56,H3_late,AMAT,-1.0,0.0,-1.031019085343939,,582.015,582.015,577.2431,577.2431,True,5
ADI-2026-06-16 15:48:00+00:00,Task56,H3_late,ADI,2.960638209447465,4.125839880987466,-0.3810722447803985,0.7175843694493725,429.48,429.48,423.33,423.33,False,27
PANW-2026-06-16 17:42:00+00:00,Task56,H3_late,PANW,1.9293478260870176,2.478260869565298,-0.4891304347826181,0.7785087719298238,280.78,280.78,278.05,278.05,True,129
GILD-2026-06-17 16:43:00+00:00,Task56,H3_late,GILD,-1.0,0.1566920565832364,-1.0184983677910602,,126.64,126.64,124.84,124.84,True,82
VRTX-2026-06-18 14:39:00+00:00,Task56,H3_late,VRTX,0.5535714285714479,0.8531746031746229,-0.7023809523809502,0.6488372093023332,454.36,454.36,450.44,450.44,False,208
VRTX-2026-06-18 18:59:00+00:00,Task56,H3_late,VRTX,-0.4342105263157971,0.0552631578947312,-0.7026315789473705,,453.7,453.7,450.82,450.82,True,52
AVGO-2026-06-22 14:32:00+00:00,Task56,H3_late,AVGO,-1.0,0.6901389179075941,-1.1691336913223846,,397.3758,397.3758,394.72,394.72,True,12
PANW-2026-06-24 17:18:00+00:00,Task56,H3_late,PANW,-1.0,0.853813314872502,-1.1711088035076012,,288.14,288.14,284.63,284.63,True,145
BKNG-2026-06-25 18:40:00+00:00,Task56,H3_late,BKNG,-0.18239202657807,0.3677740863787342,-0.18239202657807,,180.09,180.09,177.33,177.33,True,71
MU-2026-06-26 18:21:00+00:00,Task56,H3_late,MU,-1.0,0.3868921775896941,-1.4143763213527316,,1151.12,1151.12,1148.28,1148.28,True,1
LRCX-2026-07-01 15:00:00+00:00,Task56,H3_late,LRCX,-1.0,3.2807151504396104,-1.0017084973584982,,400.775,400.775,391.84,391.84,True,101
AMAT-2026-07-01 17:20:00+00:00,Task56,H3_late,AMAT,-1.0,0.1841412801461774,-1.96644700403032,,649.29,649.29,644.56,644.56,True,13
KLAC-2026-07-01 17:40:00+00:00,Task56,H3_late,KLAC,-1.0,0.5215030454248354,-1.2945546186428003,,268.41,268.41,266.93,266.93,True,6
CMCSA-2026-07-01 18:31:00+00:00,Task56,H3_late,CMCSA,-1.0,0.0,-1.0183779117534328,,23.82,23.82,23.77,23.77,True,1
VRTX-2026-07-06 14:02:00+00:00,Task56,H3_late,VRTX,2.009575353871822,2.375520399667012,-0.2647793505412381,0.8459516298632981,523.5,523.5,512.93,512.93,False,71
GILD-2026-07-06 14:11:00+00:00,Task56,H3_late,GILD,-1.0,0.0,-1.0068493150685165,,128.44,128.44,127.95,127.95,True,3
ADBE-2026-07-06 18:47:00+00:00,Task56,H3_late,ADBE,0.16169724770642,0.182339449541283,-0.0722477064220203,0.8867924528301844,218.31,218.31,217.57,217.57,True,64
PANW-2026-07-07 18:48:00+00:00,Task56,H3_late,PANW,-1.0,0.0434654486518365,-1.0188595844997768,,347.72,347.72,340.51,340.51,True,39
META-2026-07-08 14:42:00+00:00,Task56,H3_late,META,2.7099405582803047,3.131951740638446,-0.5466949537407254,0.8652561669829195,607.09,607.09,600.9001,600.9001,False,239
GILD-2026-07-08 17:32:00+00:00,Task56,H3_late,GILD,-0.2732447817836808,0.5123339658444156,-0.6432637571157596,,136.03,136.03,134.0,134.0,False,102
INTU-2026-07-09 17:42:00+00:00,Task56,H3_late,INTU,0.5491071428571437,0.6482142857142873,-0.0830357142857145,0.8471074380165281,273.86,273.86,271.13,271.13,True,129
