family,hypothesis,direction,threshold_band,horizon_label,cost_bps,expectancy_pct,total_return_pct,profit_factor,win_rate
FAMILY_A_CATALYST,CONTINUATION,LONG,loose,120m,0.0,0.0754215480771193,4.751557528858516,1.1429996559195044,0.5396825396825397
FAMILY_A_CATALYST,CONTINUATION,LONG,loose,120m,5.0,0.025421548077119292,1.6015575288585153,1.0461706716632775,0.5238095238095238
FAMILY_A_CATALYST,CONTINUATION,LONG,loose,120m,10.0,-0.024578451922880742,-1.5484424711414868,0.9572691843994471,0.49206349206349204
FAMILY_A_CATALYST,CONTINUATION,LONG,loose,120m,15.0,-0.07457845192288069,-4.698442471141484,0.8760706992026907,0.4444444444444444
FAMILY_A_CATALYST,CONTINUATION,LONG,loose,120m,20.0,-0.12457845192288078,-7.848442471141489,0.8021182271680962,0.4444444444444444
FAMILY_A_CATALYST,CONTINUATION,LONG,loose,EOD,0.0,0.04794432847764495,3.020492694091632,1.0546330415310963,0.47619047619047616
FAMILY_A_CATALYST,CONTINUATION,LONG,loose,EOD,5.0,-0.0020556715223550444,-0.1295073059083678,0.9977254248764302,0.47619047619047616
FAMILY_A_CATALYST,CONTINUATION,LONG,loose,EOD,10.0,-0.05205567152235509,-3.2795073059083704,0.9440232187337638,0.47619047619047616
FAMILY_A_CATALYST,CONTINUATION,LONG,loose,EOD,15.0,-0.10205567152235506,-6.429507305908369,0.8933148667251183,0.4603174603174603
FAMILY_A_CATALYST,CONTINUATION,LONG,loose,EOD,20.0,-0.15205567152235516,-9.579507305908376,0.8454284354500824,0.4444444444444444
FAMILY_A_CATALYST,CONTINUATION,LONG,tight,120m,0.0,0.27033488207203893,6.758372051800974,1.7482696804016074,0.56
FAMILY_A_CATALYST,CONTINUATION,LONG,tight,120m,5.0,0.22033488207203902,5.5083720518009756,1.574866606401725,0.56
FAMILY_A_CATALYST,CONTINUATION,LONG,tight,120m,10.0,0.17033488207203898,4.258372051800975,1.4182513383156101,0.48
FAMILY_A_CATALYST,CONTINUATION,LONG,tight,120m,15.0,0.12033488207203899,3.0083720518009747,1.2765620454972189,0.44
FAMILY_A_CATALYST,CONTINUATION,LONG,tight,120m,20.0,0.07033488207203896,1.758372051800974,1.15187514477421,0.44
FAMILY_A_CATALYST,CONTINUATION,LONG,tight,EOD,0.0,0.1172271313455753,2.9306782836393825,1.150572533988145,0.52
FAMILY_A_CATALYST,CONTINUATION,LONG,tight,EOD,5.0,0.06722713134557529,1.680678283639382,1.0837676800772025,0.52
FAMILY_A_CATALYST,CONTINUATION,LONG,tight,EOD,10.0,0.01722713134557534,0.43067828363938343,1.0208423999561118,0.52
FAMILY_A_CATALYST,CONTINUATION,LONG,tight,EOD,15.0,-0.03277286865442475,-0.8193217163606187,0.9614682805453708,0.52
FAMILY_A_CATALYST,CONTINUATION,LONG,tight,EOD,20.0,-0.0827728686544247,-2.0693217163606175,0.9053529592172354,0.52
FAMILY_A_CATALYST,CONTINUATION,SHORT,loose,120m,0.0,-0.4491585831338829,-21.55961199042638,0.5390215649779594,0.3541666666666667
FAMILY_A_CATALYST,CONTINUATION,SHORT,loose,120m,5.0,-0.4991585831338828,-23.959611990426374,0.5041393243738065,0.3541666666666667
FAMILY_A_CATALYST,CONTINUATION,SHORT,loose,120m,10.0,-0.5491585831338829,-26.359611990426377,0.47142545331984975,0.3541666666666667
FAMILY_A_CATALYST,CONTINUATION,SHORT,loose,120m,15.0,-0.5991585831338829,-28.75961199042638,0.44068385949707384,0.3541666666666667
FAMILY_A_CATALYST,CONTINUATION,SHORT,loose,120m,20.0,-0.6491585831338829,-31.159611990426377,0.4117414030081266,0.3541666666666667
FAMILY_A_CATALYST,CONTINUATION,SHORT,loose,EOD,0.0,-0.3600760304803259,-17.283649463055642,0.7022979186708849,0.4791666666666667
FAMILY_A_CATALYST,CONTINUATION,SHORT,loose,EOD,5.0,-0.41007603048032576,-19.683649463055637,0.6681050405300699,0.4791666666666667
FAMILY_A_CATALYST,CONTINUATION,SHORT,loose,EOD,10.0,-0.4600760304803258,-22.08364946305564,0.6354598156515344,0.4583333333333333
FAMILY_A_CATALYST,CONTINUATION,SHORT,loose,EOD,15.0,-0.5100760304803259,-24.48364946305564,0.6043332092767059,0.4583333333333333
FAMILY_A_CATALYST,CONTINUATION,SHORT,loose,EOD,20.0,-0.560076030480326,-26.883649463055644,0.574496502887253,0.4375
FAMILY_A_CATALYST,CONTINUATION,SHORT,tight,120m,0.0,-0.24789852537409035,-6.197463134352259,0.7489124177212453,0.44
FAMILY_A_CATALYST,CONTINUATION,SHORT,tight,120m,5.0,-0.29789852537409045,-7.447463134352262,0.706590356334088,0.44
FAMILY_A_CATALYST,CONTINUATION,SHORT,tight,120m,10.0,-0.3478985253740905,-8.697463134352262,0.6665399691065657,0.44
FAMILY_A_CATALYST,CONTINUATION,SHORT,tight,120m,15.0,-0.3978985253740903,-9.947463134352258,0.6285831352481117,0.44
FAMILY_A_CATALYST,CONTINUATION,SHORT,tight,120m,20.0,-0.4478985253740904,-11.19746313435226,0.5925598814676789,0.44
FAMILY_A_CATALYST,CONTINUATION,SHORT,tight,EOD,0.0,-0.6515255191938202,-16.288137979845505,0.6051297721444893,0.4
FAMILY_A_CATALYST,CONTINUATION,SHORT,tight,EOD,5.0,-0.7015255191938202,-17.538137979845505,0.5824187668855667,0.4
FAMILY_A_CATALYST,CONTINUATION,SHORT,tight,EOD,10.0,-0.7515255191938204,-18.78813797984551,0.5605046512269837,0.4
FAMILY_A_CATALYST,CONTINUATION,SHORT,tight,EOD,15.0,-0.8015255191938202,-20.038137979845505,0.539346206119812,0.4
FAMILY_A_CATALYST,CONTINUATION,SHORT,tight,EOD,20.0,-0.8515255191938202,-21.288137979845505,0.518905007068325,0.4
FAMILY_A_CATALYST,REVERSAL,LONG,loose,120m,0.0,0.4491585831338829,21.55961199042638,1.855213343905619,0.6458333333333334
FAMILY_A_CATALYST,REVERSAL,LONG,loose,120m,5.0,0.39915858313388286,19.159611990426377,1.7347052238048621,0.625
FAMILY_A_CATALYST,REVERSAL,LONG,loose,120m,10.0,0.3491585831338828,16.759611990426375,1.62123352598108,0.625
FAMILY_A_CATALYST,REVERSAL,LONG,loose,120m,15.0,0.2991585831338829,14.359611990426378,1.514580369216255,0.5833333333333334
FAMILY_A_CATALYST,REVERSAL,LONG,loose,120m,20.0,0.2491585831338828,11.959611990426374,1.4137489555678047,0.5833333333333334
FAMILY_A_CATALYST,REVERSAL,LONG,loose,EOD,0.0,0.3600760304803259,17.283649463055642,1.423897143099218,0.5208333333333334
FAMILY_A_CATALYST,REVERSAL,LONG,loose,EOD,5.0,0.31007603048032584,14.88364946305564,1.355021659748085,0.5208333333333334
FAMILY_A_CATALYST,REVERSAL,LONG,loose,EOD,10.0,0.2600760304803258,12.483649463055638,1.2897794361880772,0.5
FAMILY_A_CATALYST,REVERSAL,LONG,loose,EOD,15.0,0.2100760304803259,10.083649463055643,1.2276784668662806,0.4791666666666667
FAMILY_A_CATALYST,REVERSAL,LONG,loose,EOD,20.0,0.16007603048032581,7.683649463055639,1.168726828889575,0.4791666666666667
FAMILY_A_CATALYST,REVERSAL,LONG,tight,120m,0.0,0.24789852537409035,6.197463134352259,1.3352696207692107,0.56
FAMILY_A_CATALYST,REVERSAL,LONG,tight,120m,5.0,0.19789852537409036,4.947463134352259,1.2599138367568699,0.56
FAMILY_A_CATALYST,REVERSAL,LONG,tight,120m,10.0,0.14789852537409034,3.6974631343522586,1.188790440258634,0.56
FAMILY_A_CATALYST,REVERSAL,LONG,tight,120m,15.0,0.09789852537409038,2.4474631343522595,1.1214241107939629,0.52
FAMILY_A_CATALYST,REVERSAL,LONG,tight,120m,20.0,0.047898525374090395,1.19746313435226,1.0576914973928162,0.52
FAMILY_A_CATALYST,REVERSAL,LONG,tight,EOD,0.0,0.6515255191938202,16.288137979845505,1.6525380935334744,0.6
FAMILY_A_CATALYST,REVERSAL,LONG,tight,EOD,5.0,0.6015255191938202,15.038137979845505,1.590629438170363,0.6
FAMILY_A_CATALYST,REVERSAL,LONG,tight,EOD,10.0,0.5515255191938202,13.788137979845505,1.531105443004335,0.6
FAMILY_A_CATALYST,REVERSAL,LONG,tight,EOD,15.0,0.5015255191938203,12.538137979845507,1.4738309293797642,0.6
FAMILY_A_CATALYST,REVERSAL,LONG,tight,EOD,20.0,0.4515255191938203,11.288137979845507,1.4186807462825246,0.6
FAMILY_A_CATALYST,REVERSAL,SHORT,loose,120m,0.0,-0.0754215480771193,-4.751557528858516,0.8748909020410282,0.4603174603174603
FAMILY_A_CATALYST,REVERSAL,SHORT,loose,120m,5.0,-0.12542154807711928,-7.901557528858515,0.8008645556181131,0.4603174603174603
FAMILY_A_CATALYST,REVERSAL,SHORT,loose,120m,10.0,-0.17542154807711932,-11.051557528858517,0.7329207070084481,0.4603174603174603
FAMILY_A_CATALYST,REVERSAL,SHORT,loose,120m,15.0,-0.22542154807711928,-14.201557528858515,0.6703392718596545,0.4603174603174603
FAMILY_A_CATALYST,REVERSAL,SHORT,loose,120m,20.0,-0.27542154807711927,-17.351557528858514,0.6130073156545967,0.4126984126984127
FAMILY_A_CATALYST,REVERSAL,SHORT,loose,EOD,0.0,-0.04794432847764495,-3.020492694091632,0.9481971080179878,0.5238095238095238
FAMILY_A_CATALYST,REVERSAL,SHORT,loose,EOD,5.0,-0.09794432847764495,-6.170492694091632,0.8969448702283952,0.49206349206349204
FAMILY_A_CATALYST,REVERSAL,SHORT,loose,EOD,10.0,-0.14794432847764488,-9.320492694091628,0.8483872400058544,0.49206349206349204
FAMILY_A_CATALYST,REVERSAL,SHORT,loose,EOD,15.0,-0.19794432847764495,-12.470492694091632,0.8022930710584312,0.49206349206349204
FAMILY_A_CATALYST,REVERSAL,SHORT,loose,EOD,20.0,-0.247944328477645,-15.620492694091634,0.7586032029861798,0.47619047619047616
FAMILY_A_CATALYST,REVERSAL,SHORT,tight,120m,0.0,-0.27033488207203893,-6.758372051800974,0.57199413294766,0.44
FAMILY_A_CATALYST,REVERSAL,SHORT,tight,120m,5.0,-0.320334882072039,-8.008372051800974,0.5143607534766922,0.44
FAMILY_A_CATALYST,REVERSAL,SHORT,tight,120m,10.0,-0.370334882072039,-9.258372051800976,0.4614210902990275,0.44
FAMILY_A_CATALYST,REVERSAL,SHORT,tight,120m,15.0,-0.420334882072039,-10.508372051800976,0.41262418762863323,0.44
FAMILY_A_CATALYST,REVERSAL,SHORT,tight,120m,20.0,-0.470334882072039,-11.758372051800976,0.3675628733050414,0.4
FAMILY_A_CATALYST,REVERSAL,SHORT,tight,EOD,0.0,-0.1172271313455753,-2.9306782836393825,0.8691325148652501,0.48
FAMILY_A_CATALYST,REVERSAL,SHORT,tight,EOD,5.0,-0.16722713134557537,-4.180678283639384,0.8188949883149517,0.44
FAMILY_A_CATALYST,REVERSAL,SHORT,tight,EOD,10.0,-0.21722713134557523,-5.430678283639381,0.7716693995544555,0.44
FAMILY_A_CATALYST,REVERSAL,SHORT,tight,EOD,15.0,-0.26722713134557546,-6.680678283639386,0.727144148804757,0.44
FAMILY_A_CATALYST,REVERSAL,SHORT,tight,EOD,20.0,-0.3172271313455753,-7.930678283639382,0.6850940674105035,0.44
FAMILY_B_MULTIDAY,MOMENTUM,LONG,loose,2D,0.0,-0.18195539398343832,-187.77796659090836,0.886301547330466,0.48352713178294576
FAMILY_B_MULTIDAY,MOMENTUM,LONG,loose,2D,5.0,-0.23195539398343826,-239.37796659090827,0.857372820419622,0.4757751937984496
FAMILY_B_MULTIDAY,MOMENTUM,LONG,loose,2D,10.0,-0.2819553939834383,-290.9779665909083,0.8293907828226339,0.47093023255813954
FAMILY_B_MULTIDAY,MOMENTUM,LONG,loose,2D,15.0,-0.33195539398343843,-342.57796659090843,0.8023217892752642,0.4631782945736434
FAMILY_B_MULTIDAY,MOMENTUM,LONG,loose,2D,20.0,-0.38195539398343836,-394.1779665909084,0.7761402428805231,0.45445736434108525
FAMILY_B_MULTIDAY,MOMENTUM,LONG,loose,3D,0.0,-0.6070373392207478,-607.0373392207478,0.7269590649980748,0.478
FAMILY_B_MULTIDAY,MOMENTUM,LONG,loose,3D,5.0,-0.6570373392207478,-657.0373392207478,0.707917644659358,0.473
FAMILY_B_MULTIDAY,MOMENTUM,LONG,loose,3D,10.0,-0.7070373392207477,-707.0373392207478,0.6893576704507712,0.466
FAMILY_B_MULTIDAY,MOMENTUM,LONG,loose,3D,15.0,-0.757037339220748,-757.037339220748,0.671266564664368,0.462
FAMILY_B_MULTIDAY,MOMENTUM,LONG,loose,3D,20.0,-0.8070373392207479,-807.037339220748,0.6536388597190572,0.454
FAMILY_B_MULTIDAY,MOMENTUM,LONG,loose,5D,0.0,-0.8060294849950707,-754.4435979553862,0.7378902287418234,0.4807692307692308
FAMILY_B_MULTIDAY,MOMENTUM,LONG,loose,5D,5.0,-0.8560294849950706,-801.2435979553861,0.723961323823581,0.4807692307692308
FAMILY_B_MULTIDAY,MOMENTUM,LONG,loose,5D,10.0,-0.9060294849950703,-848.0435979553858,0.7102726129388314,0.47649572649572647
FAMILY_B_MULTIDAY,MOMENTUM,LONG,loose,5D,15.0,-0.9560294849950707,-894.8435979553861,0.6968242849760132,0.4754273504273504
FAMILY_B_MULTIDAY,MOMENTUM,LONG,loose,5D,20.0,-1.0060294849950708,-941.6435979553862,0.6836153467237986,0.4700854700854701
FAMILY_B_MULTIDAY,MOMENTUM,LONG,tight,2D,0.0,-0.25618246698648406,-132.19015296502576,0.8493309606705631,0.46511627906976744
FAMILY_B_MULTIDAY,MOMENTUM,LONG,tight,2D,5.0,-0.306182466986484,-157.99015296502574,0.8227380296157754,0.45542635658914726
FAMILY_B_MULTIDAY,MOMENTUM,LONG,tight,2D,10.0,-0.356182466986484,-183.79015296502573,0.7969992855869475,0.45155038759689925
FAMILY_B_MULTIDAY,MOMENTUM,LONG,tight,2D,15.0,-0.406182466986484,-209.59015296502577,0.7720866962306276,0.44573643410852715
FAMILY_B_MULTIDAY,MOMENTUM,LONG,tight,2D,20.0,-0.456182466986484,-235.39015296502575,0.747961958341419,0.43992248062015504
FAMILY_B_MULTIDAY,MOMENTUM,LONG,tight,3D,0.0,-0.679297332130808,-339.64866606540403,0.7103273861669951,0.462
FAMILY_B_MULTIDAY,MOMENTUM,LONG,tight,3D,5.0,-0.7292973321308082,-364.6486660654041,0.6925416029457987,0.46
FAMILY_B_MULTIDAY,MOMENTUM,LONG,tight,3D,10.0,-0.7792973321308081,-389.64866606540403,0.6751926485196049,0.452
FAMILY_B_MULTIDAY,MOMENTUM,LONG,tight,3D,15.0,-0.8292973321308081,-414.6486660654041,0.6582738512037613,0.448
FAMILY_B_MULTIDAY,MOMENTUM,LONG,tight,3D,20.0,-0.8792973321308082,-439.6486660654041,0.6417693341476072,0.442
FAMILY_B_MULTIDAY,MOMENTUM,LONG,tight,5D,0.0,-0.7451368550285655,-348.72404815336864,0.764007435110155,0.47435897435897434
FAMILY_B_MULTIDAY,MOMENTUM,LONG,tight,5D,5.0,-0.7951368550285655,-372.1240481533686,0.7502507789660265,0.47435897435897434
FAMILY_B_MULTIDAY,MOMENTUM,LONG,tight,5D,10.0,-0.8451368550285655,-395.52404815336865,0.7367237060594789,0.4700854700854701
FAMILY_B_MULTIDAY,MOMENTUM,LONG,tight,5D,15.0,-0.8951368550285655,-418.9240481533687,0.7234305335723887,0.4700854700854701
FAMILY_B_MULTIDAY,MOMENTUM,LONG,tight,5D,20.0,-0.9451368550285654,-442.3240481533686,0.7103695963235135,0.4636752136752137
FAMILY_B_MULTIDAY,MOMENTUM,SHORT,loose,2D,0.0,0.10077649141631141,91.00117174892921,1.0700419259529703,0.5171650055370985
FAMILY_B_MULTIDAY,MOMENTUM,SHORT,loose,2D,5.0,0.05077649141631141,45.851171748929204,1.0347031537222142,0.5071982281284607
FAMILY_B_MULTIDAY,MOMENTUM,SHORT,loose,2D,10.0,0.000776491416311491,0.7011717489292764,1.0005218428249383,0.5005537098560354
FAMILY_B_MULTIDAY,MOMENTUM,SHORT,loose,2D,15.0,-0.04922350858368865,-44.44882825107085,0.9674673595368927,0.4950166112956811
FAMILY_B_MULTIDAY,MOMENTUM,SHORT,loose,2D,20.0,-0.09922350858368861,-89.59882825107081,0.9355045690068033,0.4883720930232558
FAMILY_B_MULTIDAY,MOMENTUM,SHORT,loose,3D,0.0,-0.13154534292803266,-115.10217506202858,0.9294588953407905,0.504
FAMILY_B_MULTIDAY,MOMENTUM,SHORT,loose,3D,5.0,-0.1815453429280326,-158.85217506202852,0.9039305164505048,0.496
FAMILY_B_MULTIDAY,MOMENTUM,SHORT,loose,3D,10.0,-0.23154534292803258,-202.60217506202852,0.8790915648147052,0.49142857142857144
FAMILY_B_MULTIDAY,MOMENTUM,SHORT,loose,3D,15.0,-0.2815453429280327,-246.3521750620286,0.854917119692273,0.4868571428571429
FAMILY_B_MULTIDAY,MOMENTUM,SHORT,loose,3D,20.0,-0.3315453429280326,-290.10217506202855,0.8313931856143089,0.48114285714285715
FAMILY_B_MULTIDAY,MOMENTUM,SHORT,loose,5D,0.0,-0.35486790311421285,-290.6368126505403,0.857283690265352,0.48473748473748474
FAMILY_B_MULTIDAY,MOMENTUM,SHORT,loose,5D,5.0,-0.4048679031142129,-331.58681265054037,0.8388574605395187,0.47741147741147744
FAMILY_B_MULTIDAY,MOMENTUM,SHORT,loose,5D,10.0,-0.4548679031142129,-372.53681265054036,0.8208233926078391,0.47496947496947495
FAMILY_B_MULTIDAY,MOMENTUM,SHORT,loose,5D,15.0,-0.504867903114213,-413.48681265054046,0.8031752863159147,0.46886446886446886
FAMILY_B_MULTIDAY,MOMENTUM,SHORT,loose,5D,20.0,-0.5548679031142129,-454.43681265054033,0.7859126109609919,0.463980463980464
FAMILY_B_MULTIDAY,MOMENTUM,SHORT,tight,2D,0.0,0.025174674730399742,9.7425991206647,1.0152460707989521,0.5193798449612403
FAMILY_B_MULTIDAY,MOMENTUM,SHORT,tight,2D,5.0,-0.0248253252696003,-9.607400879335316,0.9851828335450941,0.5116279069767442
FAMILY_B_MULTIDAY,MOMENTUM,SHORT,tight,2D,10.0,-0.07482532526960019,-28.957400879335275,0.9559883612379209,0.5038759689922481
FAMILY_B_MULTIDAY,MOMENTUM,SHORT,tight,2D,15.0,-0.12482532526960033,-48.307400879335326,0.927642448634941,0.49612403100775193
FAMILY_B_MULTIDAY,MOMENTUM,SHORT,tight,2D,20.0,-0.17482532526960026,-67.6574008793353,0.9001243087485958,0.4909560723514212
FAMILY_B_MULTIDAY,MOMENTUM,SHORT,tight,3D,0.0,-0.26816373027466933,-100.56139885300101,0.8739421019587443,0.5013333333333333
FAMILY_B_MULTIDAY,MOMENTUM,SHORT,tight,3D,5.0,-0.31816373027466943,-119.31139885300104,0.8521853920167892,0.488
FAMILY_B_MULTIDAY,MOMENTUM,SHORT,tight,3D,10.0,-0.3681637302746694,-138.06139885300104,0.8309791951656814,0.4826666666666667
FAMILY_B_MULTIDAY,MOMENTUM,SHORT,tight,3D,15.0,-0.4181637302746694,-156.81139885300104,0.8102929720317483,0.4746666666666667
FAMILY_B_MULTIDAY,MOMENTUM,SHORT,tight,3D,20.0,-0.46816373027466945,-175.56139885300104,0.7901312312595697,0.4693333333333333
FAMILY_B_MULTIDAY,MOMENTUM,SHORT,tight,5D,0.0,-0.5391417164862911,-189.23874248668815,0.8063819421261729,0.49002849002849
FAMILY_B_MULTIDAY,MOMENTUM,SHORT,tight,5D,5.0,-0.5891417164862913,-206.78874248668825,0.7903554459147851,0.48717948717948717
FAMILY_B_MULTIDAY,MOMENTUM,SHORT,tight,5D,10.0,-0.6391417164862911,-224.33874248668818,0.7746263659516824,0.4843304843304843
FAMILY_B_MULTIDAY,MOMENTUM,SHORT,tight,5D,15.0,-0.6891417164862912,-241.88874248668822,0.7592035153933478,0.47863247863247865
FAMILY_B_MULTIDAY,MOMENTUM,SHORT,tight,5D,20.0,-0.7391417164862912,-259.4387424866882,0.7440691212993684,0.4757834757834758
FAMILY_B_MULTIDAY,REVERSAL,LONG,loose,2D,0.0,-0.10077649141631141,-91.00117174892921,0.9345428209361126,0.4806201550387597
FAMILY_B_MULTIDAY,REVERSAL,LONG,loose,2D,5.0,-0.1507764914163114,-136.1511717489292,0.9036918615117852,0.4795127353266888
FAMILY_B_MULTIDAY,REVERSAL,LONG,loose,2D,10.0,-0.2007764914163114,-181.3011717489292,0.8738680545880372,0.4706533776301218
FAMILY_B_MULTIDAY,REVERSAL,LONG,loose,2D,15.0,-0.2507764914163114,-226.45117174892923,0.8450618295231364,0.46179401993355484
FAMILY_B_MULTIDAY,REVERSAL,LONG,loose,2D,20.0,-0.30077649141631146,-271.60117174892923,0.817217742191681,0.4573643410852713
FAMILY_B_MULTIDAY,REVERSAL,LONG,loose,3D,0.0,0.13154534292803266,115.10217506202858,1.075894808272662,0.496
FAMILY_B_MULTIDAY,REVERSAL,LONG,loose,3D,5.0,0.08154534292803263,71.35217506202855,1.046372303343196,0.4937142857142857
FAMILY_B_MULTIDAY,REVERSAL,LONG,loose,3D,10.0,0.031545342928032724,27.602175062028635,1.0176838012963838,0.49142857142857144
FAMILY_B_MULTIDAY,REVERSAL,LONG,loose,3D,15.0,-0.018454657071967435,-16.147824937971507,0.9898007317782722,0.4868571428571429
FAMILY_B_MULTIDAY,REVERSAL,LONG,loose,3D,20.0,-0.06845465707196739,-59.897824937971464,0.9626966495874154,0.4857142857142857
FAMILY_B_MULTIDAY,REVERSAL,LONG,loose,5D,0.0,0.35486790311421285,290.6368126505403,1.1664750086292595,0.514041514041514
FAMILY_B_MULTIDAY,REVERSAL,LONG,loose,5D,5.0,0.3048679031142129,249.6868126505404,1.1413942513430448,0.5079365079365079
FAMILY_B_MULTIDAY,REVERSAL,LONG,loose,5D,10.0,0.2548679031142129,208.7368126505404,1.1168696185167883,0.503052503052503
FAMILY_B_MULTIDAY,REVERSAL,LONG,loose,5D,15.0,0.20486790311421285,167.78681265054033,1.092879111040263,0.4993894993894994
FAMILY_B_MULTIDAY,REVERSAL,LONG,loose,5D,20.0,0.15486790311421292,126.83681265054038,1.0694201339569553,0.49572649572649574
FAMILY_B_MULTIDAY,REVERSAL,LONG,tight,2D,0.0,-0.025174674730399742,-9.7425991206647,0.9849828812566058,0.4806201550387597
FAMILY_B_MULTIDAY,REVERSAL,LONG,tight,2D,5.0,-0.07517467473039978,-29.092599120664715,0.9558410996140457,0.4806201550387597
FAMILY_B_MULTIDAY,REVERSAL,LONG,tight,2D,10.0,-0.12517467473039964,-48.44259912066467,0.927579988545926,0.4754521963824289
FAMILY_B_MULTIDAY,REVERSAL,LONG,tight,2D,15.0,-0.1751746747303998,-67.79259912066472,0.9001874193390195,0.4625322997416021
FAMILY_B_MULTIDAY,REVERSAL,LONG,tight,2D,20.0,-0.22517467473039973,-87.1425991206647,0.8736329599895221,0.4599483204134367
FAMILY_B_MULTIDAY,REVERSAL,LONG,tight,3D,0.0,0.26816373027466933,100.56139885300101,1.144240559825102,0.49866666666666665
FAMILY_B_MULTIDAY,REVERSAL,LONG,tight,3D,5.0,0.21816373027466943,81.81139885300104,1.115781925088575,0.496
FAMILY_B_MULTIDAY,REVERSAL,LONG,tight,3D,10.0,0.16816373027466947,63.06139885300105,1.0880685456019605,0.496
FAMILY_B_MULTIDAY,REVERSAL,LONG,tight,3D,15.0,0.11816373027466942,44.31139885300103,1.0610735023988505,0.49333333333333335
FAMILY_B_MULTIDAY,REVERSAL,LONG,tight,3D,20.0,0.06816373027466933,25.561398853001002,1.034774857045776,0.49066666666666664
FAMILY_B_MULTIDAY,REVERSAL,LONG,tight,5D,0.0,0.5391417164862911,189.23874248668815,1.240107135042382,0.50997150997151
FAMILY_B_MULTIDAY,REVERSAL,LONG,tight,5D,5.0,0.48914171648629123,171.68874248668823,1.2154751063845182,0.5071225071225072
FAMILY_B_MULTIDAY,REVERSAL,LONG,tight,5D,10.0,0.4391417164862912,154.13874248668822,1.191371731236078,0.5071225071225072
FAMILY_B_MULTIDAY,REVERSAL,LONG,tight,5D,15.0,0.3891417164862911,136.58874248668818,1.167771161055191,0.5042735042735043
FAMILY_B_MULTIDAY,REVERSAL,LONG,tight,5D,20.0,0.3391417164862913,119.03874248668825,1.144660817011505,0.5014245014245015
FAMILY_B_MULTIDAY,REVERSAL,SHORT,loose,2D,0.0,0.18195539398343832,187.77796659090836,1.1282841635693777,0.5164728682170543
FAMILY_B_MULTIDAY,REVERSAL,SHORT,loose,2D,5.0,0.1319553939834384,136.17796659090843,1.091461918998509,0.5096899224806202
FAMILY_B_MULTIDAY,REVERSAL,SHORT,loose,2D,10.0,0.08195539398343843,84.57796659090846,1.055846256306333,0.501937984496124
FAMILY_B_MULTIDAY,REVERSAL,SHORT,loose,2D,15.0,0.03195539398343828,32.97796659090831,1.0214102772138551,0.49806201550387597
FAMILY_B_MULTIDAY,REVERSAL,SHORT,loose,2D,20.0,-0.018044606016561743,-18.622033409091717,0.9881116094202728,0.4893410852713178
FAMILY_B_MULTIDAY,REVERSAL,SHORT,loose,3D,0.0,0.6070373392207478,607.0373392207478,1.3755932736083953,0.521
FAMILY_B_MULTIDAY,REVERSAL,SHORT,loose,3D,5.0,0.5570373392207477,557.0373392207478,1.3395859353241903,0.513
FAMILY_B_MULTIDAY,REVERSAL,SHORT,loose,3D,10.0,0.507037339220748,507.037339220748,1.3045722428582485,0.507
FAMILY_B_MULTIDAY,REVERSAL,SHORT,loose,3D,15.0,0.4570373392207477,457.0373392207477,1.270514865672119,0.502
FAMILY_B_MULTIDAY,REVERSAL,SHORT,loose,3D,20.0,0.40703733922074775,407.03733922074775,1.2374047740787986,0.497
FAMILY_B_MULTIDAY,REVERSAL,SHORT,loose,5D,0.0,0.8060294849950707,754.4435979553862,1.3552151269235533,0.5181623931623932
FAMILY_B_MULTIDAY,REVERSAL,SHORT,loose,5D,5.0,0.7560294849950706,707.6435979553861,1.329658910718501,0.5128205128205128
FAMILY_B_MULTIDAY,REVERSAL,SHORT,loose,5D,10.0,0.7060294849950707,660.8435979553861,1.30460251241367,0.5074786324786325
FAMILY_B_MULTIDAY,REVERSAL,SHORT,loose,5D,15.0,0.6560294849950703,614.0435979553858,1.2800371299701412,0.5010683760683761
FAMILY_B_MULTIDAY,REVERSAL,SHORT,loose,5D,20.0,0.6060294849950706,567.2435979553861,1.2559604805238136,0.4967948717948718
FAMILY_B_MULTIDAY,REVERSAL,SHORT,tight,2D,0.0,0.25618246698648406,132.19015296502576,1.177397323665772,0.5348837209302325
FAMILY_B_MULTIDAY,REVERSAL,SHORT,tight,2D,5.0,0.20618246698648407,106.39015296502578,1.1404874124527862,0.5251937984496124
FAMILY_B_MULTIDAY,REVERSAL,SHORT,tight,2D,10.0,0.15618246698648408,80.59015296502578,1.1047028563867083,0.5174418604651163
FAMILY_B_MULTIDAY,REVERSAL,SHORT,tight,2D,15.0,0.10618246698648405,54.79015296502577,1.0700447589855737,0.5135658914728682
FAMILY_B_MULTIDAY,REVERSAL,SHORT,tight,2D,20.0,0.056182466986484,28.990152965025743,1.0364692921242669,0.5038759689922481
FAMILY_B_MULTIDAY,REVERSAL,SHORT,tight,3D,0.0,0.679297332130808,339.64866606540403,1.4078015566823492,0.538
FAMILY_B_MULTIDAY,REVERSAL,SHORT,tight,3D,5.0,0.6292973321308082,314.6486660654041,1.3725594991063788,0.526
FAMILY_B_MULTIDAY,REVERSAL,SHORT,tight,3D,10.0,0.5792973321308081,289.6486660654041,1.3381898205808023,0.516
FAMILY_B_MULTIDAY,REVERSAL,SHORT,tight,3D,15.0,0.529297332130808,264.648666065404,1.304671381187878,0.51
FAMILY_B_MULTIDAY,REVERSAL,SHORT,tight,3D,20.0,0.47929733213080816,239.6486660654041,1.2720539825247807,0.51
FAMILY_B_MULTIDAY,REVERSAL,SHORT,tight,5D,0.0,0.7451368550285655,348.72404815336864,1.3088877857004353,0.5235042735042735
FAMILY_B_MULTIDAY,REVERSAL,SHORT,tight,5D,5.0,0.6951368550285654,325.3240481533686,1.2853104398948385,0.5149572649572649
FAMILY_B_MULTIDAY,REVERSAL,SHORT,tight,5D,10.0,0.6451368550285655,301.9240481533687,1.2621784011708848,0.5128205128205128
FAMILY_B_MULTIDAY,REVERSAL,SHORT,tight,5D,15.0,0.5951368550285654,278.5240481533686,1.2394715194717558,0.5064102564102564
FAMILY_B_MULTIDAY,REVERSAL,SHORT,tight,5D,20.0,0.5451368550285655,255.12404815336865,1.2171897996443608,0.5021367521367521
