family,hypothesis,direction,threshold_band,horizon_label,assumed_round_trip_bps,gross_expectancy_pct,friction_absorption_ratio
FAMILY_A_CATALYST,CONTINUATION,LONG,loose,120m,10,0.0754215480771193,0.7542154807711929
FAMILY_A_CATALYST,CONTINUATION,LONG,loose,120m,15,0.0754215480771193,0.5028103205141287
FAMILY_A_CATALYST,CONTINUATION,LONG,loose,120m,20,0.0754215480771193,0.37710774038559647
FAMILY_A_CATALYST,CONTINUATION,LONG,loose,EOD,10,0.04794432847764495,0.4794432847764495
FAMILY_A_CATALYST,CONTINUATION,LONG,loose,EOD,15,0.04794432847764495,0.319628856517633
FAMILY_A_CATALYST,CONTINUATION,LONG,loose,EOD,20,0.04794432847764495,0.23972164238822474
FAMILY_A_CATALYST,CONTINUATION,LONG,tight,120m,10,0.27033488207203893,2.703348820720389
FAMILY_A_CATALYST,CONTINUATION,LONG,tight,120m,15,0.27033488207203893,1.8022325471469263
FAMILY_A_CATALYST,CONTINUATION,LONG,tight,120m,20,0.27033488207203893,1.3516744103601945
FAMILY_A_CATALYST,CONTINUATION,LONG,tight,EOD,10,0.1172271313455753,1.172271313455753
FAMILY_A_CATALYST,CONTINUATION,LONG,tight,EOD,15,0.1172271313455753,0.7815142089705021
FAMILY_A_CATALYST,CONTINUATION,LONG,tight,EOD,20,0.1172271313455753,0.5861356567278765
FAMILY_A_CATALYST,CONTINUATION,SHORT,loose,120m,10,-0.4491585831338829,4.491585831338829
FAMILY_A_CATALYST,CONTINUATION,SHORT,loose,120m,15,-0.4491585831338829,2.994390554225886
FAMILY_A_CATALYST,CONTINUATION,SHORT,loose,120m,20,-0.4491585831338829,2.2457929156694143
FAMILY_A_CATALYST,CONTINUATION,SHORT,loose,EOD,10,-0.3600760304803259,3.600760304803259
FAMILY_A_CATALYST,CONTINUATION,SHORT,loose,EOD,15,-0.3600760304803259,2.400506869868839
FAMILY_A_CATALYST,CONTINUATION,SHORT,loose,EOD,20,-0.3600760304803259,1.8003801524016294
FAMILY_A_CATALYST,CONTINUATION,SHORT,tight,120m,10,-0.24789852537409035,2.478985253740903
FAMILY_A_CATALYST,CONTINUATION,SHORT,tight,120m,15,-0.24789852537409035,1.652656835827269
FAMILY_A_CATALYST,CONTINUATION,SHORT,tight,120m,20,-0.24789852537409035,1.2394926268704516
FAMILY_A_CATALYST,CONTINUATION,SHORT,tight,EOD,10,-0.6515255191938202,6.515255191938201
FAMILY_A_CATALYST,CONTINUATION,SHORT,tight,EOD,15,-0.6515255191938202,4.343503461292134
FAMILY_A_CATALYST,CONTINUATION,SHORT,tight,EOD,20,-0.6515255191938202,3.2576275959691006
FAMILY_A_CATALYST,REVERSAL,LONG,loose,120m,10,0.4491585831338829,4.491585831338829
FAMILY_A_CATALYST,REVERSAL,LONG,loose,120m,15,0.4491585831338829,2.994390554225886
FAMILY_A_CATALYST,REVERSAL,LONG,loose,120m,20,0.4491585831338829,2.2457929156694143
FAMILY_A_CATALYST,REVERSAL,LONG,loose,EOD,10,0.3600760304803259,3.600760304803259
FAMILY_A_CATALYST,REVERSAL,LONG,loose,EOD,15,0.3600760304803259,2.400506869868839
FAMILY_A_CATALYST,REVERSAL,LONG,loose,EOD,20,0.3600760304803259,1.8003801524016294
FAMILY_A_CATALYST,REVERSAL,LONG,tight,120m,10,0.24789852537409035,2.478985253740903
FAMILY_A_CATALYST,REVERSAL,LONG,tight,120m,15,0.24789852537409035,1.652656835827269
FAMILY_A_CATALYST,REVERSAL,LONG,tight,120m,20,0.24789852537409035,1.2394926268704516
FAMILY_A_CATALYST,REVERSAL,LONG,tight,EOD,10,0.6515255191938202,6.515255191938201
FAMILY_A_CATALYST,REVERSAL,LONG,tight,EOD,15,0.6515255191938202,4.343503461292134
FAMILY_A_CATALYST,REVERSAL,LONG,tight,EOD,20,0.6515255191938202,3.2576275959691006
FAMILY_A_CATALYST,REVERSAL,SHORT,loose,120m,10,-0.0754215480771193,0.7542154807711929
FAMILY_A_CATALYST,REVERSAL,SHORT,loose,120m,15,-0.0754215480771193,0.5028103205141287
FAMILY_A_CATALYST,REVERSAL,SHORT,loose,120m,20,-0.0754215480771193,0.37710774038559647
FAMILY_A_CATALYST,REVERSAL,SHORT,loose,EOD,10,-0.04794432847764495,0.4794432847764495
FAMILY_A_CATALYST,REVERSAL,SHORT,loose,EOD,15,-0.04794432847764495,0.319628856517633
FAMILY_A_CATALYST,REVERSAL,SHORT,loose,EOD,20,-0.04794432847764495,0.23972164238822474
FAMILY_A_CATALYST,REVERSAL,SHORT,tight,120m,10,-0.27033488207203893,2.703348820720389
FAMILY_A_CATALYST,REVERSAL,SHORT,tight,120m,15,-0.27033488207203893,1.8022325471469263
FAMILY_A_CATALYST,REVERSAL,SHORT,tight,120m,20,-0.27033488207203893,1.3516744103601945
FAMILY_A_CATALYST,REVERSAL,SHORT,tight,EOD,10,-0.1172271313455753,1.172271313455753
FAMILY_A_CATALYST,REVERSAL,SHORT,tight,EOD,15,-0.1172271313455753,0.7815142089705021
FAMILY_A_CATALYST,REVERSAL,SHORT,tight,EOD,20,-0.1172271313455753,0.5861356567278765
FAMILY_B_MULTIDAY,MOMENTUM,LONG,loose,2D,10,-0.18195539398343832,1.8195539398343832
FAMILY_B_MULTIDAY,MOMENTUM,LONG,loose,2D,15,-0.18195539398343832,1.2130359598895888
FAMILY_B_MULTIDAY,MOMENTUM,LONG,loose,2D,20,-0.18195539398343832,0.9097769699171916
FAMILY_B_MULTIDAY,MOMENTUM,LONG,loose,3D,10,-0.6070373392207478,6.070373392207477
FAMILY_B_MULTIDAY,MOMENTUM,LONG,loose,3D,15,-0.6070373392207478,4.046915594804985
FAMILY_B_MULTIDAY,MOMENTUM,LONG,loose,3D,20,-0.6070373392207478,3.0351866961037386
FAMILY_B_MULTIDAY,MOMENTUM,LONG,loose,5D,10,-0.8060294849950707,8.060294849950706
FAMILY_B_MULTIDAY,MOMENTUM,LONG,loose,5D,15,-0.8060294849950707,5.373529899967138
FAMILY_B_MULTIDAY,MOMENTUM,LONG,loose,5D,20,-0.8060294849950707,4.030147424975353
FAMILY_B_MULTIDAY,MOMENTUM,LONG,tight,2D,10,-0.25618246698648406,2.5618246698648406
FAMILY_B_MULTIDAY,MOMENTUM,LONG,tight,2D,15,-0.25618246698648406,1.707883113243227
FAMILY_B_MULTIDAY,MOMENTUM,LONG,tight,2D,20,-0.25618246698648406,1.2809123349324203
FAMILY_B_MULTIDAY,MOMENTUM,LONG,tight,3D,10,-0.679297332130808,6.79297332130808
FAMILY_B_MULTIDAY,MOMENTUM,LONG,tight,3D,15,-0.679297332130808,4.528648880872054
FAMILY_B_MULTIDAY,MOMENTUM,LONG,tight,3D,20,-0.679297332130808,3.39648666065404
FAMILY_B_MULTIDAY,MOMENTUM,LONG,tight,5D,10,-0.7451368550285655,7.451368550285655
FAMILY_B_MULTIDAY,MOMENTUM,LONG,tight,5D,15,-0.7451368550285655,4.96757903352377
FAMILY_B_MULTIDAY,MOMENTUM,LONG,tight,5D,20,-0.7451368550285655,3.7256842751428274
FAMILY_B_MULTIDAY,MOMENTUM,SHORT,loose,2D,10,0.10077649141631141,1.007764914163114
FAMILY_B_MULTIDAY,MOMENTUM,SHORT,loose,2D,15,0.10077649141631141,0.6718432761087427
FAMILY_B_MULTIDAY,MOMENTUM,SHORT,loose,2D,20,0.10077649141631141,0.503882457081557
FAMILY_B_MULTIDAY,MOMENTUM,SHORT,loose,3D,10,-0.13154534292803266,1.3154534292803266
FAMILY_B_MULTIDAY,MOMENTUM,SHORT,loose,3D,15,-0.13154534292803266,0.8769689528535511
FAMILY_B_MULTIDAY,MOMENTUM,SHORT,loose,3D,20,-0.13154534292803266,0.6577267146401633
FAMILY_B_MULTIDAY,MOMENTUM,SHORT,loose,5D,10,-0.35486790311421285,3.5486790311421283
FAMILY_B_MULTIDAY,MOMENTUM,SHORT,loose,5D,15,-0.35486790311421285,2.365786020761419
FAMILY_B_MULTIDAY,MOMENTUM,SHORT,loose,5D,20,-0.35486790311421285,1.7743395155710642
FAMILY_B_MULTIDAY,MOMENTUM,SHORT,tight,2D,10,0.025174674730399742,0.2517467473039974
FAMILY_B_MULTIDAY,MOMENTUM,SHORT,tight,2D,15,0.025174674730399742,0.1678311648693316
FAMILY_B_MULTIDAY,MOMENTUM,SHORT,tight,2D,20,0.025174674730399742,0.1258733736519987
FAMILY_B_MULTIDAY,MOMENTUM,SHORT,tight,3D,10,-0.26816373027466933,2.6816373027466933
FAMILY_B_MULTIDAY,MOMENTUM,SHORT,tight,3D,15,-0.26816373027466933,1.7877582018311289
FAMILY_B_MULTIDAY,MOMENTUM,SHORT,tight,3D,20,-0.26816373027466933,1.3408186513733467
FAMILY_B_MULTIDAY,MOMENTUM,SHORT,tight,5D,10,-0.5391417164862911,5.391417164862911
FAMILY_B_MULTIDAY,MOMENTUM,SHORT,tight,5D,15,-0.5391417164862911,3.594278109908607
FAMILY_B_MULTIDAY,MOMENTUM,SHORT,tight,5D,20,-0.5391417164862911,2.6957085824314553
FAMILY_B_MULTIDAY,REVERSAL,LONG,loose,2D,10,-0.10077649141631141,1.007764914163114
FAMILY_B_MULTIDAY,REVERSAL,LONG,loose,2D,15,-0.10077649141631141,0.6718432761087427
FAMILY_B_MULTIDAY,REVERSAL,LONG,loose,2D,20,-0.10077649141631141,0.503882457081557
FAMILY_B_MULTIDAY,REVERSAL,LONG,loose,3D,10,0.13154534292803266,1.3154534292803266
FAMILY_B_MULTIDAY,REVERSAL,LONG,loose,3D,15,0.13154534292803266,0.8769689528535511
FAMILY_B_MULTIDAY,REVERSAL,LONG,loose,3D,20,0.13154534292803266,0.6577267146401633
FAMILY_B_MULTIDAY,REVERSAL,LONG,loose,5D,10,0.35486790311421285,3.5486790311421283
FAMILY_B_MULTIDAY,REVERSAL,LONG,loose,5D,15,0.35486790311421285,2.365786020761419
FAMILY_B_MULTIDAY,REVERSAL,LONG,loose,5D,20,0.35486790311421285,1.7743395155710642
FAMILY_B_MULTIDAY,REVERSAL,LONG,tight,2D,10,-0.025174674730399742,0.2517467473039974
FAMILY_B_MULTIDAY,REVERSAL,LONG,tight,2D,15,-0.025174674730399742,0.1678311648693316
FAMILY_B_MULTIDAY,REVERSAL,LONG,tight,2D,20,-0.025174674730399742,0.1258733736519987
FAMILY_B_MULTIDAY,REVERSAL,LONG,tight,3D,10,0.26816373027466933,2.6816373027466933
FAMILY_B_MULTIDAY,REVERSAL,LONG,tight,3D,15,0.26816373027466933,1.7877582018311289
FAMILY_B_MULTIDAY,REVERSAL,LONG,tight,3D,20,0.26816373027466933,1.3408186513733467
FAMILY_B_MULTIDAY,REVERSAL,LONG,tight,5D,10,0.5391417164862911,5.391417164862911
FAMILY_B_MULTIDAY,REVERSAL,LONG,tight,5D,15,0.5391417164862911,3.594278109908607
FAMILY_B_MULTIDAY,REVERSAL,LONG,tight,5D,20,0.5391417164862911,2.6957085824314553
FAMILY_B_MULTIDAY,REVERSAL,SHORT,loose,2D,10,0.18195539398343832,1.8195539398343832
FAMILY_B_MULTIDAY,REVERSAL,SHORT,loose,2D,15,0.18195539398343832,1.2130359598895888
FAMILY_B_MULTIDAY,REVERSAL,SHORT,loose,2D,20,0.18195539398343832,0.9097769699171916
FAMILY_B_MULTIDAY,REVERSAL,SHORT,loose,3D,10,0.6070373392207478,6.070373392207477
FAMILY_B_MULTIDAY,REVERSAL,SHORT,loose,3D,15,0.6070373392207478,4.046915594804985
FAMILY_B_MULTIDAY,REVERSAL,SHORT,loose,3D,20,0.6070373392207478,3.0351866961037386
FAMILY_B_MULTIDAY,REVERSAL,SHORT,loose,5D,10,0.8060294849950707,8.060294849950706
FAMILY_B_MULTIDAY,REVERSAL,SHORT,loose,5D,15,0.8060294849950707,5.373529899967138
FAMILY_B_MULTIDAY,REVERSAL,SHORT,loose,5D,20,0.8060294849950707,4.030147424975353
FAMILY_B_MULTIDAY,REVERSAL,SHORT,tight,2D,10,0.25618246698648406,2.5618246698648406
FAMILY_B_MULTIDAY,REVERSAL,SHORT,tight,2D,15,0.25618246698648406,1.707883113243227
FAMILY_B_MULTIDAY,REVERSAL,SHORT,tight,2D,20,0.25618246698648406,1.2809123349324203
FAMILY_B_MULTIDAY,REVERSAL,SHORT,tight,3D,10,0.679297332130808,6.79297332130808
FAMILY_B_MULTIDAY,REVERSAL,SHORT,tight,3D,15,0.679297332130808,4.528648880872054
FAMILY_B_MULTIDAY,REVERSAL,SHORT,tight,3D,20,0.679297332130808,3.39648666065404
FAMILY_B_MULTIDAY,REVERSAL,SHORT,tight,5D,10,0.7451368550285655,7.451368550285655
FAMILY_B_MULTIDAY,REVERSAL,SHORT,tight,5D,15,0.7451368550285655,4.96757903352377
FAMILY_B_MULTIDAY,REVERSAL,SHORT,tight,5D,20,0.7451368550285655,3.7256842751428274
