symbol,trading_day,mfe_pct,mae_pct,gross_return_pct
AAPL,2025-03-04,0.21707367981631467,2.032978501356712,-1.4527238572323182
AAPL,2025-03-06,0.2657641679379842,1.5858541422473025,-0.7465100790881463
AAPL,2025-03-07,1.021219604068136,0.44782990834135233,0.0418532624618065
ADBE,2025-03-06,0.19276788088274496,1.905964725693516,-1.4490826907737349
ADBE,2025-03-07,0.752332901727911,1.5515470821985062,0.3214716256641509
ADBE,2025-03-11,0.989691193464603,0.8226450498277984,-0.7562842530405847
ADBE,2025-03-14,2.500711163981488,0.0878998681114071,1.978328893946049
ADI,2025-03-12,0.8340923253918702,1.4332965821389236,-0.9683140789032214
ADI,2025-03-13,0.06992838368981227,2.2979913674615933,-1.6806925321308797
AMAT,2025-03-04,2.6883133955567264,1.1305376626791108,0.5258314710135477
AMAT,2025-03-10,0.36263393662931537,2.938811676484579,-1.5210934807935257
AMAT,2025-03-12,1.4596585202544405,0.6093069969869411,-0.194174757281548
AMAT,2025-03-13,0.02633311389071234,2.323897300855827,-1.2508229098090886
AMD,2025-03-04,6.272530641672678,0.8645586569162608,3.8108971057781456
AMD,2025-03-06,0.27338773885349893,2.1994426751592435,-1.6620222929936324
AMD,2025-03-12,3.0442710971532874,0.49640360652415655,2.1578360855029985
AMZN,2025-03-04,3.6227889963421447,0.5161096357167917,2.1496216866262565
AMZN,2025-03-05,2.0558930741190715,0.8165249088699912,1.2904009720534635
AMZN,2025-03-11,2.036129822412727,1.306389058991632,0.2755664421310431
AVGO,2025-03-04,5.723630417007359,1.1719814663395898,2.316707549741074
AVGO,2025-03-06,0.22265062858073614,3.1571859132748727,-2.614787260039641
AVGO,2025-03-11,3.3471576500422637,0.8452557058326241,0.3592561284869013
AVGO,2025-03-12,1.4493495851684997,1.4377240602273882,-0.5684728054901081
CMCSA,2025-03-06,1.2115304275170653,0.7834563431277027,1.0165715081465032
CMCSA,2025-03-07,0.6151377373629229,0.5883926183471486,0.5081572612998067
CMCSA,2025-03-13,0.22563813284444592,2.242278945141734,-2.0871527288111547
CSCO,2025-03-07,1.446525966326771,0.8615919690143099,1.0354912655125983
GILD,2025-03-07,1.161797368870664,0.3246198530667994,0.2989919699299456
GILD,2025-03-10,0.5111018014243817,1.9438625890238739,-1.7762882279011232
GILD,2025-03-12,1.1179577464788824,0.22007042253521128,0.2992957746478903
GOOGL,2025-03-04,3.29296060082255,0.33379030815998223,1.8894915658341704
GOOGL,2025-03-06,0.28126973193271376,1.5842948166006656,-1.0504563457895717
HON,2025-03-07,0.6026066240015044,0.7474190685289832,0.1821833979539472
HON,2025-03-10,0.12841091492776938,2.049988534739738,-1.8940609951846012
INTC,2025-03-06,0.5725190839694534,2.2423664122137517,-0.9541984732824392
INTC,2025-03-13,0.3297252289758541,2.47710241465445,-1.2905911740216434
INTU,2025-03-11,2.326421128649536,0.0,0.859726950720451
INTU,2025-03-12,1.100393968210844,0.559536747724487,0.3854775166417575
ISRG,2025-03-05,1.5291829488071749,0.7761897114715325,1.3543172207055354
ISRG,2025-03-11,2.144018774317068,0.24085472548736214,1.5459991353932914
KLAC,2025-03-04,3.574799561693768,1.1308445350952367,1.1706248033588973
KLAC,2025-03-12,2.0681147681080745,0.1515973455602015,1.1510994523174336
KLAC,2025-03-13,0.021042091438768503,2.965483714146824,-1.0731466633773257
KLAC,2025-03-14,1.110638900694154,0.086414506304011,1.012891344383054
LRCX,2025-03-04,3.9888682745825674,1.5173601908295733,1.3517095149748348
LRCX,2025-03-12,2.8609271523178763,0.35099337748344445,1.4304635761589382
LRCX,2025-03-13,0.052397170552779725,2.35132302855646,-1.362326434372552
MDLZ,2025-03-07,1.6187837246609504,1.4073209858538562,-1.2396091585241278
MDLZ,2025-03-10,2.258843585736615,3.59426054837335,-3.196476772268788
MDLZ,2025-03-14,0.24008022306226712,0.4806254175055612,-0.3256349571683817
META,2025-03-11,2.383204022510067,0.8424627884519429,0.7991741866737628
MSFT,2025-03-04,1.962210246087918,0.39088370885007356,0.959677942990728
MSFT,2025-03-06,0.33201857306906013,1.587697838134694,-0.8862149882670157
MSFT,2025-03-11,1.0180314569103102,1.360864672476509,-0.4946219674962671
MU,2025-03-04,5.34669067987393,1.0018009905448002,2.723998199009457
MU,2025-03-07,1.8235422581349656,2.2821576763485516,1.5177986459925754
MU,2025-03-10,1.562853907134779,2.8765571913929695,-1.359003397508497
MU,2025-03-11,4.845206583036015,0.09207043388191771,2.393831280929909
MU,2025-03-12,3.422904670505431,0.4585199402857825,1.9940285775218645
MU,2025-03-13,0.14906127501548158,2.8405199092221904,-2.1043944708066764
NFLX,2025-03-11,2.8168855068700314,0.10951418603863787,1.0228850778453868
NVDA,2025-03-04,5.827567855242157,1.6320737981195579,2.856129146709242
NVDA,2025-03-11,5.376021030889118,0.11266547741996483,1.999812224204296
NVDA,2025-03-12,2.1910604732690624,1.0692375109553014,1.4373356704645055
NVDA,2025-03-13,0.7186243476773064,2.0874326289674032,-1.009496107451456
PANW,2025-03-11,2.51524604445943,0.542393839754941,0.5536351628586762
PEP,2025-03-05,0.25583730043070163,0.4825285792933738,-0.3335600246122055
PEP,2025-03-07,1.145662847790505,1.3253746670517619,-0.8889316774172968
PEP,2025-03-10,0.3447627405503738,12.455337554065068,-2.04977120290855
PYPL,2025-03-07,3.1911027113469617,1.0976230282765072,2.449661990259508
QCOM,2025-03-07,2.625570776255699,1.3571790969051336,2.226027397260268
QCOM,2025-03-10,0.17074558907228876,9.947511541137033,-1.9414405868589093
QCOM,2025-03-13,0.038774718883289566,2.7917797595967566,-1.8030244280729095
REGN,2025-03-04,1.184492329210192,2.0207759663155445,-1.6215743695091562
REGN,2025-03-05,2.074523728838521,0.8192011315584061,1.1403986975291376
REGN,2025-03-07,1.4584294969830152,1.659344326112942,-1.5988655006534491
REGN,2025-03-10,1.0438046883439585,0.8844658096575503,0.6252025494220738
SBUX,2025-03-07,2.4257885416168046,0.7323026851098459,1.948020868233376
STX,2025-03-07,0.0,2.6618542747575002,-0.7444168734491277
TSLA,2025-03-11,5.507543726912633,0.5073657038586437,2.58578485913926
TSLA,2025-03-12,3.002087117418047,1.390552715972482,1.5460538020669965
TXN,2025-03-04,1.8769364709497458,0.4839576985122747,-0.1766829692981327
TXN,2025-03-10,0.24660585490029877,7.265591854051754,-1.05536699193891
TXN,2025-03-13,0.011383039271491311,2.0546385885031224,-1.2009106431417105
VRTX,2025-03-05,1.0100186512021447,0.7959884627536458,0.2170877625691771
VRTX,2025-03-10,0.9273725113167479,4.216240035252175,0.1786844529904313
VRTX,2025-03-12,1.4047696831100938,0.04900359359686563,1.153626265926175
VRTX,2025-03-13,0.8750820389411462,0.9526461287563931,0.023865873789305
AAPL,2025-07-01,0.5148008225335859,1.1094639185117983,-0.5977715078188512
AAPL,2025-07-02,0.3800073343018217,0.9115085376740794,0.1207614475913261
ADBE,2025-07-01,1.209105674289102,0.39959782412539935,1.064734847508313
ADBE,2025-07-08,0.47203008019026627,1.1512409014077478,-0.6795486724007815
ADI,2025-07-08,0.6194151096669398,0.7148659626320029,-0.4305442729488231
AMAT,2025-07-02,1.8621278412122557,0.016006829580621672,1.39259417351404
AMAT,2025-07-08,0.5892902895208842,0.35869843709967564,-0.0819882141942078
AMD,2025-07-02,1.0628298749186602,0.30923288265491705,0.1446750054225956
AMD,2025-07-08,0.2894447791830406,1.0632915406592107,-0.66191754283292
AMD,2025-07-11,2.283191207809052,0.1385749883595671,1.6169626333272438
AVGO,2025-07-02,0.927643784786642,0.49350649350648756,0.1484230055658542
BKNG,2025-07-07,0.6386907100004993,0.42844535655761135,0.5362510187731079
CMCSA,2025-07-01,1.256732495511665,0.12429222483082919,0.3452561800856235
CMCSA,2025-07-08,0.7525083612040022,0.30657748049052236,0.3205128205128062
CSCO,2025-07-03,0.8598887202832763,0.2601344027747563,0.8598887202832763
GILD,2025-07-10,0.4723169771713516,0.6297559695617938,0.1574389923904546
GOOGL,2025-07-09,0.8770191540077218,2.1803749271037978,-0.0005661840890974
HON,2025-07-01,1.0918324164197986,0.0,1.0283537875581794
INTC,2025-07-01,2.3877957108114205,0.02210921954454568,1.039133318593867
INTC,2025-07-08,1.6887558785805883,1.1543394613082494,0.8550662676357388
INTU,2025-07-07,0.0,0.7516449863440744,-0.3668579899345895
ISRG,2025-07-02,0.16064338608705836,0.5263060700633456,-0.1274214695942717
KLAC,2025-07-02,1.3410277548777187,0.05276174773289565,1.276174773289367
LRCX,2025-07-02,1.1138360923768684,0.05109339873288081,1.0014306151645247
LRCX,2025-07-08,0.6069422150882722,0.44141252006421744,0.1203852327447736
MDLZ,2025-07-01,1.0039284155390624,0.24006983849848137,0.3200931179979613
MDLZ,2025-07-10,0.5521151980899867,0.09699321047526334,0.2014474371409462
META,2025-07-07,0.18906200405724363,1.0101707078095097,-0.8266287622648814
META,2025-07-09,0.686689419795218,0.13651877133105803,0.0409556313993112
MU,2025-07-02,0.7082326933311458,0.7655463216932102,-0.3316002783804815
MU,2025-07-08,0.38047761743395386,0.7557541738514697,-0.4676954098636166
NVDA,2025-07-02,0.35583018978458575,0.6246768363970694,0.1265909837673207
NVDA,2025-07-09,0.14704981312418397,0.4411494393725867,-0.2328288707799739
NVDA,2025-07-11,0.06586431950183441,1.305311059217998,-1.2744745823603392
PANW,2025-07-03,0.3266518188567169,0.5048255382331157,-0.2821083890126313
PEP,2025-07-01,1.0146644941489973,0.4962227818101139,0.1851577544067545
PEP,2025-07-08,0.3563873067534527,0.5473777646275679,-0.1331459427472496
PEP,2025-07-10,0.4119310876832069,0.21305513720017666,-0.0477537376483104
PYPL,2025-07-01,1.4406325381934986,0.24792280889842166,0.8978826051996807
PYPL,2025-07-02,0.6811186063265388,0.5697819110616311,-0.0458445215796667
PYPL,2025-07-07,0.11082138200781454,1.408083441981745,-0.67796610169491
PYPL,2025-07-10,0.5939025999736081,0.21776428665697778,-0.0791870133298169
REGN,2025-07-01,2.461345747564822,0.3851403144689474,-0.0373922635406819
REGN,2025-07-02,1.2595475910693328,0.06609870740305773,0.4920681551116451
REGN,2025-07-08,0.5499640546369625,2.0147375988497345,-1.589683680805181
REGN,2025-07-10,0.5869890574697361,1.237843433709267,-0.6091536619816071
SBUX,2025-07-01,2.0873269435569686,0.0,1.0809371671991486
SBUX,2025-07-08,0.9595107549557111,0.03163222269084894,0.1054407423028198
STX,2025-07-02,2.0743823845327625,0.37593984962406163,2.0273899033297407
STX,2025-07-07,0.12600305060017092,2.0226805491080198,-1.5849857417600546
STX,2025-07-11,1.7157789774094865,0.037822783069132074,1.2068906233882306
TSLA,2025-07-01,1.8637833427519641,0.24443827682718267,0.5540823867341181
TSLA,2025-07-08,0.31722952878196403,2.7328002114863463,-1.5762672658780033
TSLA,2025-07-10,1.7233470938994793,1.202411375401355,1.546425529126522
TXN,2025-07-02,0.9337940050424876,0.028013820151275688,0.6583247735549522
TXN,2025-07-08,0.6746213859568604,0.7572280862781118,-0.5874254245066549
VRTX,2025-07-01,1.4629385063142177,0.01691900105954059,0.3949543186971496
VRTX,2025-07-02,0.5933413910559254,0.12965608174926532,0.435117020107672
VRTX,2025-07-08,0.7636788208577951,0.7926646385877691,-0.1135438536355398
VRTX,2025-07-09,0.9370591084251065,0.5853987239150061,0.8949440923161153
VRTX,2025-07-10,0.40667219229174306,0.706589307915463,-0.6361375880646601
AAPL,2025-12-02,0.01740038280840596,0.8769792935444713,-0.3897685749086495
ADBE,2025-11-25,0.492272109268777,0.2692650299270119,-0.1297097938708279
ADBE,2025-12-01,0.3322463545191608,0.9875099981541806,-0.6829508398449601
ADBE,2025-12-05,0.4373732251521218,0.8274940070071957,-0.2253134796238193
ADI,2025-11-25,2.338778322727081,0.5005877345871725,2.1563779336062554
ADI,2025-11-26,0.5921953666017342,0.6654964217511105,-0.5536158638915154
ADI,2025-11-28,1.2828248737799723,0.1527632419746274,0.5396144669403746
AMAT,2025-11-24,1.026729627864652,0.09314213923666916,0.0259931551358029
AMAT,2025-11-26,2.0621680030700205,0.04645432328169865,0.939185231564698
AMAT,2025-12-04,0.15496270164994197,1.506632859295198,-0.9480762870686744
AMD,2025-11-24,2.4391394602755176,0.2500471787129652,1.401207775051896
AVGO,2025-11-24,2.562560477007191,0.6029175021130101,1.4080604506953271
AVGO,2025-11-26,1.8595409735843318,0.09425070688030276,1.1921440762157085
AVGO,2025-12-04,0.761174833985138,0.5118244573348352,0.0551195569437464
BKNG,2025-12-02,2.22592628433636,0.26760093294967685,1.3958696635337815
BKNG,2025-12-05,1.4148680119680763,0.08113743373291202,1.3142239681059829
CMCSA,2025-11-25,0.47761327481763394,1.0498550767832282,-0.6214188318220034
CMCSA,2025-11-28,0.29889781430972645,0.5241920418456935,-0.3549411544928035
CMCSA,2025-12-01,0.43030869971935803,0.7670720299345252,-0.5425631431244271
CMCSA,2025-12-03,0.7693716797948242,0.10991023997069477,0.5678695731818926
CMCSA,2025-12-05,0.0,1.6399351234456725,-1.567850063074436
COST,2025-11-26,0.4354626165332205,0.14600585124670565,0.0158802562602094
CSCO,2025-12-03,0.7398537122143831,0.12298530649232813,0.6861285520098402
GILD,2025-11-25,0.7540168173384377,0.363191346571401,0.3355572223757429
INTC,2025-11-24,0.8789062499999936,0.5859375000000023,-0.306919642857161
INTC,2025-11-28,3.147516116799387,0.1643281506762678,3.096953608899005
INTC,2025-12-02,1.7588817705300002,1.7588817705299835,1.2813046010483502
INTC,2025-12-05,1.050119331742255,1.2768496420047653,-1.169451073985685
INTU,2025-12-03,1.6515833555531114,0.020389917969790835,1.5888451464152946
ISRG,2025-11-25,1.075231340292414,0.17949566944915504,0.8329993203561983
KLAC,2025-11-24,1.0323523199324103,0.15753714004083325,0.0431246919664867
KLAC,2025-11-28,1.0118536333963213,0.16921491152723134,0.6115787665349502
KLAC,2025-12-02,1.345177664974627,1.0743908629441619,0.6649746192893317
LRCX,2025-11-24,1.463155094440003,0.0800744878957288,-0.0266028198989228
MDLZ,2025-11-25,0.07963192355335641,0.9555830826402392,0.0353919660237181
META,2025-11-24,0.7449276309341097,0.33162348482372866,0.1388571241872811
META,2025-11-25,1.392657907511599,0.6151568928608391,1.2613501619462306
MSFT,2025-12-02,0.3232095301986136,0.6871175621556894,-0.3760850562094738
MU,2025-11-24,1.7047499100395918,0.23056854983806763,0.6612090680100751
MU,2025-12-05,3.1382636655948524,0.4844587352625918,1.6720257234726712
NFLX,2025-12-04,1.218917601170161,0.7606045831301815,0.6435884934178416
NFLX,2025-12-05,0.30273437499998834,2.978515625000011,-2.1191406250000018
NVDA,2025-12-01,0.5465090341289417,0.5130492973455205,0.3401739906312813
NVDA,2025-12-04,1.5159025900680827,0.3354428952072454,0.9024552747391178
PANW,2025-11-28,0.5407943865205701,0.4331830424738399,0.288086729267971
PANW,2025-12-03,1.5733396162203175,0.0,1.390088745778686
PANW,2025-12-04,0.5334427574887115,0.6103816167418946,0.3846942962659007
PANW,2025-12-05,0.4694361718237234,0.6864873050325645,0.3785775579223663
PEP,2025-11-26,0.5417484932620109,0.04063113699463253,0.1896119726417018
PYPL,2025-12-05,0.14364376346659694,0.9815657170217892,-0.6463969355997145
QCOM,2025-11-26,0.4380003020691704,0.4077933846850997,-0.2386346473342457
QCOM,2025-11-28,0.9179816403671934,0.053998920021584566,0.5999880002399952
REGN,2025-11-24,0.41069100391133995,1.3507170795306407,-0.706649282920464
REGN,2025-11-25,1.641810233993327,0.6813962458215455,1.23039341733094
SBUX,2025-11-25,1.1880955181743216,0.2352664392424454,1.0469356546288675
SBUX,2025-11-26,0.7014143651507857,0.3426316882397695,0.0207655568630173
SBUX,2025-12-05,0.07544318512059797,1.1566405114792264,-1.0636442894507483
STX,2025-11-24,0.8723671801320335,0.5147752279157506,-0.4126060987110904
STX,2025-11-26,1.6635859519408502,0.2698706099815224,0.6617375231053679
STX,2025-12-04,0.9282060996400789,0.5529835196059733,0.6326955862852873
STX,2025-12-05,1.7272164121998355,0.018219582407175368,1.5887475859053362
TSLA,2025-11-24,1.6096058326978642,0.09625589853495609,0.5976539582377115
TSLA,2025-12-03,1.486338020286853,0.8179039373536159,1.2507026578536051
TXN,2025-11-26,1.2609117361784579,0.054558680892339596,0.2121726479146425
TXN,2025-11-28,0.7260176148536057,0.297548202808855,0.4284694120447506
TXN,2025-12-03,2.518136746869838,0.014005209938100158,2.316461723761234
TXN,2025-12-05,0.6181075561606486,0.6616746085772652,-0.5854322668481898
VRTX,2025-12-03,2.135858196631079,0.01761532533303624,1.9971375096333923
