symbol,timestamp,entry_price,trailing_vol_60m,time_of_day_bucket,vol_bucket,trading_day,direction,_cluster_id,_cluster_rank,_cluster_representative,_cluster_size,event_id,risk_per_unit,definition
AAPL,2026-05-18 19:06:00+00:00,296.95,0.24323934426229057,LATE_SESSION,MID,2026-05-18 00:00:00+00:00,1,0,0,True,9,compression60_expansion15_2x_000000,0.24323934426229057,compression60_expansion15_2x
AAPL,2026-05-21 17:24:00+00:00,304.445,0.18703442622950578,MIDDAY,LOW,2026-05-21 00:00:00+00:00,1,1,0,True,2,compression60_expansion15_2x_000001,0.18703442622950578,compression60_expansion15_2x
AAPL,2026-06-17 18:10:00+00:00,295.78,0.2268049180327759,LATE_SESSION,MID,2026-06-17 00:00:00+00:00,-1,2,0,True,6,compression60_expansion15_2x_000002,0.2268049180327759,compression60_expansion15_2x
AAPL,2026-06-22 19:34:00+00:00,297.69,0.1654360655737812,LATE_SESSION,LOW,2026-06-22 00:00:00+00:00,-1,3,0,True,12,compression60_expansion15_2x_000003,0.1654360655737812,compression60_expansion15_2x
AAPL,2026-08-11 18:32:00+00:00,303.51,0.18732459016395236,LATE_SESSION,LOW,2026-08-11 00:00:00+00:00,-1,4,0,True,4,compression60_expansion15_2x_000004,0.18732459016395236,compression60_expansion15_2x
ADBE,2026-08-13 18:34:00+00:00,260.45,0.2150934426230617,LATE_SESSION,MID,2026-08-13 00:00:00+00:00,1,0,0,True,14,compression60_expansion15_2x_000005,0.2150934426230617,compression60_expansion15_2x
ADI,2026-06-17 18:02:00+00:00,420.0,0.3356409836065931,LATE_SESSION,MID,2026-06-17 00:00:00+00:00,-1,0,0,True,13,compression60_expansion15_2x_000006,0.3356409836065931,compression60_expansion15_2x
ADI,2026-08-10 19:38:00+00:00,386.68,0.2636196721311729,LATE_SESSION,LOW,2026-08-10 00:00:00+00:00,-1,1,0,True,1,compression60_expansion15_2x_000007,0.2636196721311729,compression60_expansion15_2x
AMZN,2026-05-18 19:03:00+00:00,264.45,0.2262819672131167,LATE_SESSION,MID,2026-05-18 00:00:00+00:00,1,0,0,True,10,compression60_expansion15_2x_000008,0.2262819672131167,compression60_expansion15_2x
AMZN,2026-05-22 17:30:00+00:00,269.315,0.1564950819671982,MIDDAY,LOW,2026-05-22 00:00:00+00:00,1,1,0,True,9,compression60_expansion15_2x_000009,0.1564950819671982,compression60_expansion15_2x
AMZN,2026-06-17 18:06:00+00:00,238.89,0.19705901639343987,LATE_SESSION,MID,2026-06-17 00:00:00+00:00,-1,2,0,True,9,compression60_expansion15_2x_000010,0.19705901639343987,compression60_expansion15_2x
AMZN,2026-07-22 19:07:00+00:00,244.64,0.12727377049179536,LATE_SESSION,LOW,2026-07-22 00:00:00+00:00,1,3,0,True,12,compression60_expansion15_2x_000011,0.12727377049179536,compression60_expansion15_2x
BKNG,2026-05-21 17:18:00+00:00,156.17,0.13508032786885302,MIDDAY,MID,2026-05-21 00:00:00+00:00,1,0,0,True,7,compression60_expansion15_2x_000012,0.13508032786885302,compression60_expansion15_2x
BKNG,2026-06-17 18:04:00+00:00,172.86,0.1462475409835995,LATE_SESSION,MID,2026-06-17 00:00:00+00:00,-1,1,0,True,11,compression60_expansion15_2x_000013,0.1462475409835995,compression60_expansion15_2x
BKNG,2026-08-14 18:18:00+00:00,213.37,0.13484098360655838,LATE_SESSION,LOW,2026-08-14 00:00:00+00:00,-1,2,0,True,14,compression60_expansion15_2x_000014,0.13484098360655838,compression60_expansion15_2x
CMCSA,2026-05-21 17:26:00+00:00,25.085,0.019557377049181226,MIDDAY,MID,2026-05-21 00:00:00+00:00,1,0,0,True,7,compression60_expansion15_2x_000015,0.019557377049181226,compression60_expansion15_2x
CMCSA,2026-06-01 17:14:00+00:00,24.802,0.015252459016393539,MIDDAY,LOW,2026-06-01 00:00:00+00:00,1,1,0,True,19,compression60_expansion15_2x_000016,0.015252459016393539,compression60_expansion15_2x
CMCSA,2026-06-11 17:29:00+00:00,24.045,0.02088688524590124,MIDDAY,MID,2026-06-11 00:00:00+00:00,1,2,0,True,3,compression60_expansion15_2x_000017,0.02088688524590124,compression60_expansion15_2x
CMCSA,2026-06-12 19:17:00+00:00,24.47,0.020454098360654486,LATE_SESSION,MID,2026-06-12 00:00:00+00:00,1,3,0,True,9,compression60_expansion15_2x_000018,0.020454098360654486,compression60_expansion15_2x
CMCSA,2026-08-07 19:07:00+00:00,25.47,0.020631147540970993,LATE_SESSION,MID,2026-08-07 00:00:00+00:00,1,4,0,True,10,compression60_expansion15_2x_000019,0.020631147540970993,compression60_expansion15_2x
COST,2026-05-28 17:09:00+00:00,996.655,0.525855737704906,MIDDAY,LOW,2026-05-28 00:00:00+00:00,-1,0,0,True,10,compression60_expansion15_2x_000020,0.525855737704906,compression60_expansion15_2x
COST,2026-05-28 19:09:00+00:00,996.735,0.4458032786885165,LATE_SESSION,LOW,2026-05-28 00:00:00+00:00,-1,1,0,True,7,compression60_expansion15_2x_000021,0.4458032786885165,compression60_expansion15_2x
COST,2026-06-11 17:31:00+00:00,983.55,0.48178688524588875,MIDDAY,LOW,2026-06-11 00:00:00+00:00,1,2,0,True,17,compression60_expansion15_2x_000022,0.48178688524588875,compression60_expansion15_2x
COST,2026-06-17 18:08:00+00:00,963.975,0.499365573770461,LATE_SESSION,LOW,2026-06-17 00:00:00+00:00,-1,3,0,True,9,compression60_expansion15_2x_000023,0.499365573770461,compression60_expansion15_2x
COST,2026-06-26 18:50:00+00:00,953.42,0.44075245901626287,LATE_SESSION,LOW,2026-06-26 00:00:00+00:00,-1,4,0,True,5,compression60_expansion15_2x_000024,0.44075245901626287,compression60_expansion15_2x
COST,2026-07-15 19:33:00+00:00,912.45,0.5036213114753842,LATE_SESSION,LOW,2026-07-15 00:00:00+00:00,-1,5,0,True,6,compression60_expansion15_2x_000025,0.5036213114753842,compression60_expansion15_2x
CSCO,2026-06-01 19:12:00+00:00,121.075,0.08929344262294382,LATE_SESSION,MID,2026-06-01 00:00:00+00:00,1,0,0,True,13,compression60_expansion15_2x_000026,0.08929344262294382,compression60_expansion15_2x
CSCO,2026-06-04 19:35:00+00:00,129.72,0.11205737704917701,LATE_SESSION,MID,2026-06-04 00:00:00+00:00,-1,1,0,True,11,compression60_expansion15_2x_000027,0.11205737704917701,compression60_expansion15_2x
CSCO,2026-06-17 18:04:00+00:00,117.51,0.08961311475408007,LATE_SESSION,MID,2026-06-17 00:00:00+00:00,-1,2,0,True,13,compression60_expansion15_2x_000028,0.08961311475408007,compression60_expansion15_2x
CSCO,2026-08-06 18:16:00+00:00,121.01,0.0961672131147754,LATE_SESSION,MID,2026-08-06 00:00:00+00:00,1,3,0,True,15,compression60_expansion15_2x_000029,0.0961672131147754,compression60_expansion15_2x
GILD,2026-05-21 17:24:00+00:00,130.56,0.06328032786884995,MIDDAY,LOW,2026-05-21 00:00:00+00:00,1,0,0,True,2,compression60_expansion15_2x_000030,0.06328032786884995,compression60_expansion15_2x
GILD,2026-06-11 17:31:00+00:00,126.64,0.10007704918032008,MIDDAY,MID,2026-06-11 00:00:00+00:00,1,1,0,True,13,compression60_expansion15_2x_000031,0.10007704918032008,compression60_expansion15_2x
GILD,2026-06-17 18:07:00+00:00,124.945,0.08287540983605006,LATE_SESSION,LOW,2026-06-17 00:00:00+00:00,-1,2,0,True,10,compression60_expansion15_2x_000032,0.08287540983605006,compression60_expansion15_2x
GILD,2026-06-29 18:50:00+00:00,126.18,0.06749836065572798,LATE_SESSION,LOW,2026-06-29 00:00:00+00:00,-1,3,0,True,13,compression60_expansion15_2x_000033,0.06749836065572798,compression60_expansion15_2x
GILD,2026-07-02 19:34:00+00:00,130.15,0.07805081967211529,LATE_SESSION,LOW,2026-07-02 00:00:00+00:00,-1,4,0,True,9,compression60_expansion15_2x_000034,0.07805081967211529,compression60_expansion15_2x
GILD,2026-07-08 19:03:00+00:00,135.09,0.10862295081965684,LATE_SESSION,MID,2026-07-08 00:00:00+00:00,-1,5,0,True,11,compression60_expansion15_2x_000035,0.10862295081965684,compression60_expansion15_2x
GILD,2026-07-22 19:04:00+00:00,130.84,0.05657377049178873,LATE_SESSION,LOW,2026-07-22 00:00:00+00:00,-1,6,0,True,1,compression60_expansion15_2x_000036,0.05657377049178873,compression60_expansion15_2x
GILD,2026-08-03 19:28:00+00:00,130.47,0.09349344262297608,LATE_SESSION,MID,2026-08-03 00:00:00+00:00,1,7,0,True,14,compression60_expansion15_2x_000037,0.09349344262297608,compression60_expansion15_2x
GILD,2026-08-06 19:22:00+00:00,131.22,0.08850819672132454,LATE_SESSION,LOW,2026-08-06 00:00:00+00:00,1,8,0,True,7,compression60_expansion15_2x_000038,0.08850819672132454,compression60_expansion15_2x
GOOGL,2026-06-17 18:03:00+00:00,365.0351,0.31464098360654924,LATE_SESSION,MID,2026-06-17 00:00:00+00:00,1,0,0,True,11,compression60_expansion15_2x_000039,0.31464098360654924,compression60_expansion15_2x
GOOGL,2026-07-16 18:07:00+00:00,365.22,0.31939836065561633,LATE_SESSION,MID,2026-07-16 00:00:00+00:00,-1,1,0,True,15,compression60_expansion15_2x_000040,0.31939836065561633,compression60_expansion15_2x
GOOGL,2026-08-12 17:43:00+00:00,341.845,0.21331803278670003,MIDDAY,LOW,2026-08-12 00:00:00+00:00,-1,2,0,True,6,compression60_expansion15_2x_000041,0.21331803278670003,compression60_expansion15_2x
HON,2026-05-18 19:08:00+00:00,217.105,0.11954590163934725,LATE_SESSION,LOW,2026-05-18 00:00:00+00:00,-1,0,0,True,3,compression60_expansion15_2x_000042,0.11954590163934725,compression60_expansion15_2x
HON,2026-06-02 19:39:00+00:00,235.81,0.1125475409836088,LATE_SESSION,LOW,2026-06-02 00:00:00+00:00,1,1,0,True,2,compression60_expansion15_2x_000043,0.1125475409836088,compression60_expansion15_2x
HON,2026-06-12 19:20:00+00:00,221.55,0.1903557377049243,LATE_SESSION,MID,2026-06-12 00:00:00+00:00,-1,2,0,True,3,compression60_expansion15_2x_000044,0.1903557377049243,compression60_expansion15_2x
HON,2026-06-17 18:07:00+00:00,231.005,0.18260819672130563,LATE_SESSION,MID,2026-06-17 00:00:00+00:00,-1,3,0,True,10,compression60_expansion15_2x_000045,0.18260819672130563,compression60_expansion15_2x
HON,2026-06-30 18:00:00+00:00,223.08,0.2176049180327519,LATE_SESSION,MID,2026-06-30 00:00:00+00:00,-1,4,0,True,13,compression60_expansion15_2x_000046,0.2176049180327519,compression60_expansion15_2x
HON,2026-07-13 16:59:00+00:00,220.8875,0.14205573770492325,MIDDAY,LOW,2026-07-13 00:00:00+00:00,-1,5,0,True,7,compression60_expansion15_2x_000047,0.14205573770492325,compression60_expansion15_2x
HON,2026-07-29 18:10:00+00:00,243.47,0.1601311475409841,LATE_SESSION,LOW,2026-07-29 00:00:00+00:00,1,6,0,True,6,compression60_expansion15_2x_000048,0.1601311475409841,compression60_expansion15_2x
HON,2026-08-07 19:44:00+00:00,245.73,0.10570327868854143,LATE_SESSION,LOW,2026-08-07 00:00:00+00:00,-1,7,0,True,1,compression60_expansion15_2x_000049,0.10570327868854143,compression60_expansion15_2x
HON,2026-08-14 19:40:00+00:00,233.735,0.09079999999999343,LATE_SESSION,LOW,2026-08-14 00:00:00+00:00,-1,8,0,True,3,compression60_expansion15_2x_000050,0.09079999999999343,compression60_expansion15_2x
INTU,2026-08-04 19:34:00+00:00,323.72,0.22067377049172107,LATE_SESSION,LOW,2026-08-04 00:00:00+00:00,1,0,0,True,4,compression60_expansion15_2x_000051,0.22067377049172107,compression60_expansion15_2x
INTU,2026-08-13 18:35:00+00:00,343.45,0.2878426229508477,LATE_SESSION,MID,2026-08-13 00:00:00+00:00,1,1,0,True,13,compression60_expansion15_2x_000052,0.2878426229508477,compression60_expansion15_2x
ISRG,2026-06-03 16:38:00+00:00,402.1951,0.2336491803278507,MIDDAY,LOW,2026-06-03 00:00:00+00:00,1,0,0,True,1,compression60_expansion15_2x_000053,0.2336491803278507,compression60_expansion15_2x
ISRG,2026-06-08 19:45:00+00:00,422.17,0.2635934426229156,LATE_SESSION,LOW,2026-06-08 00:00:00+00:00,1,1,0,True,1,compression60_expansion15_2x_000054,0.2635934426229156,compression60_expansion15_2x
ISRG,2026-06-11 17:30:00+00:00,414.36,0.3719245901639386,MIDDAY,MID,2026-06-11 00:00:00+00:00,1,2,0,True,13,compression60_expansion15_2x_000055,0.3719245901639386,compression60_expansion15_2x
ISRG,2026-06-17 18:02:00+00:00,406.235,0.3011573770491984,LATE_SESSION,MID,2026-06-17 00:00:00+00:00,-1,3,0,True,15,compression60_expansion15_2x_000056,0.3011573770491984,compression60_expansion15_2x
MDLZ,2026-05-20 17:46:00+00:00,61.83,0.035660655737705736,MIDDAY,LOW,2026-05-20 00:00:00+00:00,1,0,0,True,7,compression60_expansion15_2x_000057,0.035660655737705736,compression60_expansion15_2x
MDLZ,2026-05-20 19:41:00+00:00,62.05,0.037359016393442274,LATE_SESSION,LOW,2026-05-20 00:00:00+00:00,1,1,0,True,5,compression60_expansion15_2x_000058,0.037359016393442274,compression60_expansion15_2x
MDLZ,2026-05-21 17:24:00+00:00,61.51,0.02421311475409982,MIDDAY,LOW,2026-05-21 00:00:00+00:00,1,2,0,True,1,compression60_expansion15_2x_000059,0.02421311475409982,compression60_expansion15_2x
MDLZ,2026-06-08 17:43:00+00:00,61.71,0.025311475409831124,MIDDAY,LOW,2026-06-08 00:00:00+00:00,-1,3,0,True,11,compression60_expansion15_2x_000060,0.025311475409831124,compression60_expansion15_2x
MDLZ,2026-06-11 17:32:00+00:00,63.795,0.03602295081967053,MIDDAY,LOW,2026-06-11 00:00:00+00:00,1,4,0,True,14,compression60_expansion15_2x_000061,0.03602295081967053,compression60_expansion15_2x
MDLZ,2026-06-17 18:09:00+00:00,60.275,0.042775409836058424,LATE_SESSION,MID,2026-06-17 00:00:00+00:00,-1,5,0,True,6,compression60_expansion15_2x_000062,0.042775409836058424,compression60_expansion15_2x
MDLZ,2026-07-27 19:19:00+00:00,60.685,0.028559016393424813,LATE_SESSION,LOW,2026-07-27 00:00:00+00:00,1,6,0,True,1,compression60_expansion15_2x_000063,0.028559016393424813,compression60_expansion15_2x
META,2026-05-21 17:20:00+00:00,607.555,0.4831672131147451,MIDDAY,MID,2026-05-21 00:00:00+00:00,1,0,0,True,10,compression60_expansion15_2x_000064,0.4831672131147451,compression60_expansion15_2x
META,2026-05-27 18:02:00+00:00,614.739,0.4231672131147475,LATE_SESSION,LOW,2026-05-27 00:00:00+00:00,1,1,0,True,16,compression60_expansion15_2x_000065,0.4231672131147475,compression60_expansion15_2x
META,2026-07-21 19:34:00+00:00,647.1,0.5265819672131329,LATE_SESSION,MID,2026-07-21 00:00:00+00:00,-1,2,0,True,12,compression60_expansion15_2x_000066,0.5265819672131329,compression60_expansion15_2x
META,2026-08-05 19:04:00+00:00,581.51,0.42956721311476614,LATE_SESSION,MID,2026-08-05 00:00:00+00:00,-1,3,0,True,14,compression60_expansion15_2x_000067,0.42956721311476614,compression60_expansion15_2x
META,2026-08-13 19:04:00+00:00,594.2,0.38630819672113426,LATE_SESSION,LOW,2026-08-13 00:00:00+00:00,1,4,0,True,1,compression60_expansion15_2x_000068,0.38630819672113426,compression60_expansion15_2x
MSFT,2026-06-17 18:07:00+00:00,383.35,0.27709508196721055,LATE_SESSION,MID,2026-06-17 00:00:00+00:00,-1,0,0,True,9,compression60_expansion15_2x_000069,0.27709508196721055,compression60_expansion15_2x
MSFT,2026-08-05 18:13:00+00:00,489.5,0.42909508196734364,LATE_SESSION,MID,2026-08-05 00:00:00+00:00,1,1,0,True,8,compression60_expansion15_2x_000070,0.42909508196734364,compression60_expansion15_2x
MSFT,2026-08-13 18:39:00+00:00,496.65,0.28105573770487546,LATE_SESSION,LOW,2026-08-13 00:00:00+00:00,1,2,0,True,15,compression60_expansion15_2x_000071,0.28105573770487546,compression60_expansion15_2x
NFLX,2026-05-18 19:07:00+00:00,89.655,0.06573278688524535,LATE_SESSION,MID,2026-05-18 00:00:00+00:00,1,0,0,True,5,compression60_expansion15_2x_000072,0.06573278688524535,compression60_expansion15_2x
NFLX,2026-06-11 17:35:00+00:00,81.465,0.05871475409834915,MIDDAY,MID,2026-06-11 00:00:00+00:00,1,1,0,True,11,compression60_expansion15_2x_000073,0.05871475409834915,compression60_expansion15_2x
NFLX,2026-06-17 18:10:00+00:00,77.3351,0.05983606557376266,LATE_SESSION,MID,2026-06-17 00:00:00+00:00,-1,2,0,True,3,compression60_expansion15_2x_000074,0.05983606557376266,compression60_expansion15_2x
NFLX,2026-07-31 18:30:00+00:00,71.685,0.058265573770484955,LATE_SESSION,MID,2026-07-31 00:00:00+00:00,-1,3,0,True,4,compression60_expansion15_2x_000075,0.058265573770484955,compression60_expansion15_2x
NVDA,2026-06-17 18:03:00+00:00,206.72,0.1815098360655939,LATE_SESSION,MID,2026-06-17 00:00:00+00:00,-1,0,0,True,8,compression60_expansion15_2x_000076,0.1815098360655939,compression60_expansion15_2x
PANW,2026-08-11 18:20:00+00:00,381.27,0.318068852459143,LATE_SESSION,MID,2026-08-11 00:00:00+00:00,-1,0,0,True,6,compression60_expansion15_2x_000077,0.318068852459143,compression60_expansion15_2x
PEP,2026-05-20 17:49:00+00:00,149.16,0.09757868852458844,MIDDAY,LOW,2026-05-20 00:00:00+00:00,-1,0,0,True,12,compression60_expansion15_2x_000078,0.09757868852458844,compression60_expansion15_2x
PEP,2026-06-05 19:01:00+00:00,142.94,0.1281918032786943,LATE_SESSION,MID,2026-06-05 00:00:00+00:00,-1,1,0,True,3,compression60_expansion15_2x_000079,0.1281918032786943,compression60_expansion15_2x
PEP,2026-06-11 17:35:00+00:00,145.1,0.08769344262294475,MIDDAY,LOW,2026-06-11 00:00:00+00:00,1,2,0,True,10,compression60_expansion15_2x_000080,0.08769344262294475,compression60_expansion15_2x
PEP,2026-06-30 19:32:00+00:00,135.54,0.08625901639342762,LATE_SESSION,LOW,2026-06-30 00:00:00+00:00,-1,3,0,True,2,compression60_expansion15_2x_000081,0.08625901639342762,compression60_expansion15_2x
PEP,2026-07-29 18:10:00+00:00,143.44,0.11906557377049795,LATE_SESSION,MID,2026-07-29 00:00:00+00:00,-1,4,0,True,5,compression60_expansion15_2x_000082,0.11906557377049795,compression60_expansion15_2x
PYPL,2026-05-18 19:05:00+00:00,44.435,0.03320819672131183,LATE_SESSION,MID,2026-05-18 00:00:00+00:00,1,0,0,True,11,compression60_expansion15_2x_000083,0.03320819672131183,compression60_expansion15_2x
PYPL,2026-05-21 17:18:00+00:00,44.22,0.02568032786885347,MIDDAY,LOW,2026-05-21 00:00:00+00:00,1,1,0,True,14,compression60_expansion15_2x_000084,0.02568032786885347,compression60_expansion15_2x
PYPL,2026-05-22 17:33:00+00:00,44.19,0.0238377049180339,MIDDAY,LOW,2026-05-22 00:00:00+00:00,1,2,0,True,1,compression60_expansion15_2x_000085,0.0238377049180339,compression60_expansion15_2x
PYPL,2026-06-15 18:33:00+00:00,42.895,0.033822950819669254,LATE_SESSION,MID,2026-06-15 00:00:00+00:00,-1,3,0,True,6,compression60_expansion15_2x_000086,0.033822950819669254,compression60_expansion15_2x
PYPL,2026-06-16 19:18:00+00:00,43.635,0.030355737704913274,LATE_SESSION,MID,2026-06-16 00:00:00+00:00,1,4,0,True,4,compression60_expansion15_2x_000087,0.030355737704913274,compression60_expansion15_2x
PYPL,2026-06-17 18:04:00+00:00,42.89,0.033563934426222686,LATE_SESSION,MID,2026-06-17 00:00:00+00:00,-1,5,0,True,14,compression60_expansion15_2x_000088,0.033563934426222686,compression60_expansion15_2x
PYPL,2026-08-06 16:10:00+00:00,58.93,0.04624262295082652,MIDDAY,MID,2026-08-06 00:00:00+00:00,1,6,0,True,12,compression60_expansion15_2x_000089,0.04624262295082652,compression60_expansion15_2x
PYPL,2026-08-07 18:19:00+00:00,58.94,0.023449180327886888,LATE_SESSION,LOW,2026-08-07 00:00:00+00:00,-1,7,0,True,3,compression60_expansion15_2x_000090,0.023449180327886888,compression60_expansion15_2x
PYPL,2026-08-11 17:48:00+00:00,59.12,0.02195245901641817,MIDDAY,LOW,2026-08-11 00:00:00+00:00,1,8,0,True,15,compression60_expansion15_2x_000091,0.02195245901641817,compression60_expansion15_2x
PYPL,2026-08-14 19:44:00+00:00,62.06,0.07037213114756283,LATE_SESSION,MID,2026-08-14 00:00:00+00:00,1,9,0,True,2,compression60_expansion15_2x_000092,0.07037213114756283,compression60_expansion15_2x
REGN,2026-05-21 17:24:00+00:00,645.4,0.39538596491227734,MIDDAY,LOW,2026-05-21 00:00:00+00:00,1,0,0,True,3,compression60_expansion15_2x_000093,0.39538596491227734,compression60_expansion15_2x
REGN,2026-06-03 19:41:00+00:00,617.46,0.41928644067795207,LATE_SESSION,LOW,2026-06-03 00:00:00+00:00,-1,1,0,True,5,compression60_expansion15_2x_000094,0.41928644067795207,compression60_expansion15_2x
REGN,2026-06-11 17:30:00+00:00,617.02,0.38976885245899556,MIDDAY,LOW,2026-06-11 00:00:00+00:00,1,2,0,True,16,compression60_expansion15_2x_000095,0.38976885245899556,compression60_expansion15_2x
REGN,2026-06-12 17:17:00+00:00,615.39,0.28005084745758324,MIDDAY,LOW,2026-06-12 00:00:00+00:00,1,3,0,True,2,compression60_expansion15_2x_000096,0.28005084745758324,compression60_expansion15_2x
REGN,2026-06-17 18:12:00+00:00,610.11,0.41611166666671123,LATE_SESSION,LOW,2026-06-17 00:00:00+00:00,-1,4,0,True,5,compression60_expansion15_2x_000097,0.41611166666671123,compression60_expansion15_2x
REGN,2026-06-25 18:29:00+00:00,624.54,0.26699074074073265,LATE_SESSION,LOW,2026-06-25 00:00:00+00:00,-1,5,0,True,8,compression60_expansion15_2x_000098,0.26699074074073265,compression60_expansion15_2x
REGN,2026-07-02 19:32:00+00:00,649.57,0.34331333333338987,LATE_SESSION,LOW,2026-07-02 00:00:00+00:00,1,6,0,True,13,compression60_expansion15_2x_000099,0.34331333333338987,compression60_expansion15_2x
REGN,2026-07-08 18:29:00+00:00,664.905,0.36056363636363875,LATE_SESSION,LOW,2026-07-08 00:00:00+00:00,-1,7,0,True,16,compression60_expansion15_2x_000100,0.36056363636363875,compression60_expansion15_2x
REGN,2026-07-14 18:25:00+00:00,659.75,0.15471153846143493,LATE_SESSION,LOW,2026-07-14 00:00:00+00:00,1,8,0,True,3,compression60_expansion15_2x_000101,0.15471153846143493,compression60_expansion15_2x
REGN,2026-07-15 18:36:00+00:00,663.11,0.26379807692319446,LATE_SESSION,LOW,2026-07-15 00:00:00+00:00,1,9,0,True,1,compression60_expansion15_2x_000102,0.26379807692319446,compression60_expansion15_2x
REGN,2026-07-20 19:08:00+00:00,673.135,0.24309999999994097,LATE_SESSION,LOW,2026-07-20 00:00:00+00:00,-1,10,0,True,7,compression60_expansion15_2x_000103,0.24309999999994097,compression60_expansion15_2x
REGN,2026-07-21 18:02:00+00:00,670.161,0.20946037735851655,LATE_SESSION,LOW,2026-07-21 00:00:00+00:00,-1,11,0,True,14,compression60_expansion15_2x_000104,0.20946037735851655,compression60_expansion15_2x
REGN,2026-07-22 16:33:00+00:00,653.86,0.5673316666667536,MIDDAY,MID,2026-07-22 00:00:00+00:00,-1,12,0,True,6,compression60_expansion15_2x_000105,0.5673316666667536,compression60_expansion15_2x
REGN,2026-07-24 18:24:00+00:00,660.89,0.39589473684208587,LATE_SESSION,LOW,2026-07-24 00:00:00+00:00,-1,13,0,True,4,compression60_expansion15_2x_000106,0.39589473684208587,compression60_expansion15_2x
REGN,2026-07-28 18:26:00+00:00,687.08,0.25693448275859704,LATE_SESSION,LOW,2026-07-28 00:00:00+00:00,-1,14,0,True,4,compression60_expansion15_2x_000107,0.25693448275859704,compression60_expansion15_2x
REGN,2026-08-03 19:44:00+00:00,757.82,0.46736949152536755,LATE_SESSION,LOW,2026-08-03 00:00:00+00:00,-1,15,0,True,2,compression60_expansion15_2x_000108,0.46736949152536755,compression60_expansion15_2x
REGN,2026-08-07 18:26:00+00:00,782.63,0.21834230769225263,LATE_SESSION,LOW,2026-08-07 00:00:00+00:00,-1,16,0,True,1,compression60_expansion15_2x_000109,0.21834230769225263,compression60_expansion15_2x
REGN,2026-08-07 19:41:00+00:00,784.61,0.30957999999988134,LATE_SESSION,LOW,2026-08-07 00:00:00+00:00,1,17,0,True,5,compression60_expansion15_2x_000110,0.30957999999988134,compression60_expansion15_2x
REGN,2026-08-12 18:02:00+00:00,795.215,0.152686363636266,LATE_SESSION,LOW,2026-08-12 00:00:00+00:00,1,18,0,True,19,compression60_expansion15_2x_000111,0.152686363636266,compression60_expansion15_2x
REGN,2026-08-12 19:35:00+00:00,797.53,0.31069199999998093,LATE_SESSION,LOW,2026-08-12 00:00:00+00:00,-1,19,0,True,9,compression60_expansion15_2x_000112,0.31069199999998093,compression60_expansion15_2x
REGN,2026-08-13 17:40:00+00:00,810.13,0.3403152542372389,MIDDAY,LOW,2026-08-13 00:00:00+00:00,-1,20,0,True,1,compression60_expansion15_2x_000113,0.3403152542372389,compression60_expansion15_2x
REGN,2026-08-13 18:15:00+00:00,807.6725,0.49072586206891394,LATE_SESSION,LOW,2026-08-13 00:00:00+00:00,-1,21,0,True,1,compression60_expansion15_2x_000114,0.49072586206891394,compression60_expansion15_2x
REGN,2026-08-13 19:42:00+00:00,805.67,0.4975338983050756,LATE_SESSION,LOW,2026-08-13 00:00:00+00:00,-1,22,0,True,4,compression60_expansion15_2x_000115,0.4975338983050756,compression60_expansion15_2x
REGN,2026-08-14 18:01:00+00:00,805.46,0.1896885714286327,LATE_SESSION,LOW,2026-08-14 00:00:00+00:00,1,23,0,True,17,compression60_expansion15_2x_000116,0.1896885714286327,compression60_expansion15_2x
SBUX,2026-05-18 19:10:00+00:00,106.29,0.08047049180327956,LATE_SESSION,MID,2026-05-18 00:00:00+00:00,1,0,0,True,5,compression60_expansion15_2x_000117,0.08047049180327956,compression60_expansion15_2x
SBUX,2026-05-20 17:53:00+00:00,107.3497,0.08186721311475591,MIDDAY,MID,2026-05-20 00:00:00+00:00,1,1,0,True,5,compression60_expansion15_2x_000118,0.08186721311475591,compression60_expansion15_2x
SBUX,2026-05-21 17:24:00+00:00,104.22,0.08003114754098503,MIDDAY,MID,2026-05-21 00:00:00+00:00,1,2,0,True,2,compression60_expansion15_2x_000119,0.08003114754098503,compression60_expansion15_2x
SBUX,2026-05-22 18:54:00+00:00,103.22,0.07673114754098358,LATE_SESSION,MID,2026-05-22 00:00:00+00:00,1,3,0,True,7,compression60_expansion15_2x_000120,0.07673114754098358,compression60_expansion15_2x
SBUX,2026-06-17 18:05:00+00:00,99.54,0.06256065573769341,LATE_SESSION,LOW,2026-06-17 00:00:00+00:00,-1,4,0,True,12,compression60_expansion15_2x_000121,0.06256065573769341,compression60_expansion15_2x
SBUX,2026-07-17 19:01:00+00:00,105.43,0.07808032786883665,LATE_SESSION,MID,2026-07-17 00:00:00+00:00,1,5,0,True,13,compression60_expansion15_2x_000122,0.07808032786883665,compression60_expansion15_2x
SBUX,2026-07-20 16:43:00+00:00,103.41,0.0797081967213157,MIDDAY,MID,2026-07-20 00:00:00+00:00,-1,6,0,True,5,compression60_expansion15_2x_000123,0.0797081967213157,compression60_expansion15_2x
SBUX,2026-07-22 19:03:00+00:00,103.1,0.06024262295080484,LATE_SESSION,LOW,2026-07-22 00:00:00+00:00,-1,7,0,True,12,compression60_expansion15_2x_000124,0.06024262295080484,compression60_expansion15_2x
TXN,2026-06-17 18:07:00+00:00,300.98,0.3462491803278621,LATE_SESSION,MID,2026-06-17 00:00:00+00:00,-1,0,0,True,7,compression60_expansion15_2x_000125,0.3462491803278621,compression60_expansion15_2x
VRTX,2026-05-21 17:22:00+00:00,431.91,0.24256949152541984,MIDDAY,LOW,2026-05-21 00:00:00+00:00,1,0,0,True,8,compression60_expansion15_2x_000126,0.24256949152541984,compression60_expansion15_2x
VRTX,2026-05-22 19:17:00+00:00,434.325,0.2391885245901624,LATE_SESSION,LOW,2026-05-22 00:00:00+00:00,-1,1,0,True,11,compression60_expansion15_2x_000127,0.2391885245901624,compression60_expansion15_2x
VRTX,2026-05-27 19:04:00+00:00,440.36,0.1965754098360612,LATE_SESSION,LOW,2026-05-27 00:00:00+00:00,-1,2,0,True,10,compression60_expansion15_2x_000128,0.1965754098360612,compression60_expansion15_2x
VRTX,2026-06-04 18:20:00+00:00,443.97,0.2414233333333338,LATE_SESSION,LOW,2026-06-04 00:00:00+00:00,1,3,0,True,17,compression60_expansion15_2x_000129,0.2414233333333338,compression60_expansion15_2x
VRTX,2026-06-10 19:19:00+00:00,435.95,0.2503393442623031,LATE_SESSION,LOW,2026-06-10 00:00:00+00:00,1,4,0,True,3,compression60_expansion15_2x_000130,0.2503393442623031,compression60_expansion15_2x
VRTX,2026-06-11 17:33:00+00:00,442.59,0.3485377049180331,MIDDAY,MID,2026-06-11 00:00:00+00:00,1,5,0,True,12,compression60_expansion15_2x_000131,0.3485377049180331,compression60_expansion15_2x
VRTX,2026-06-17 18:06:00+00:00,457.1,0.24952241379310963,LATE_SESSION,LOW,2026-06-17 00:00:00+00:00,-1,6,0,True,19,compression60_expansion15_2x_000132,0.24952241379310963,compression60_expansion15_2x
VRTX,2026-07-06 19:32:00+00:00,526.19,0.3091540983606271,LATE_SESSION,LOW,2026-07-06 00:00:00+00:00,-1,7,0,True,3,compression60_expansion15_2x_000133,0.3091540983606271,compression60_expansion15_2x
VRTX,2026-07-20 16:17:00+00:00,486.915,0.2978426229508275,MIDDAY,LOW,2026-07-20 00:00:00+00:00,1,8,0,True,11,compression60_expansion15_2x_000134,0.2978426229508275,compression60_expansion15_2x
VRTX,2026-07-21 19:05:00+00:00,481.66,0.18590327868850048,LATE_SESSION,LOW,2026-07-21 00:00:00+00:00,1,9,0,True,14,compression60_expansion15_2x_000135,0.18590327868850048,compression60_expansion15_2x
VRTX,2026-07-27 19:41:00+00:00,479.35,0.24457213114758025,LATE_SESSION,LOW,2026-07-27 00:00:00+00:00,1,10,0,True,5,compression60_expansion15_2x_000136,0.24457213114758025,compression60_expansion15_2x
VRTX,2026-07-28 19:44:00+00:00,488.98,0.25690847457629434,LATE_SESSION,LOW,2026-07-28 00:00:00+00:00,1,11,0,True,1,compression60_expansion15_2x_000137,0.25690847457629434,compression60_expansion15_2x
VRTX,2026-07-31 19:26:00+00:00,478.16,0.1601288135592829,LATE_SESSION,LOW,2026-07-31 00:00:00+00:00,1,12,0,True,10,compression60_expansion15_2x_000138,0.1601288135592829,compression60_expansion15_2x
VRTX,2026-08-06 19:40:00+00:00,484.01,0.2825716666667176,LATE_SESSION,LOW,2026-08-06 00:00:00+00:00,-1,13,0,True,1,compression60_expansion15_2x_000139,0.2825716666667176,compression60_expansion15_2x
VRTX,2026-08-11 19:25:00+00:00,530.2,0.26130166666671356,LATE_SESSION,LOW,2026-08-11 00:00:00+00:00,-1,14,0,True,5,compression60_expansion15_2x_000140,0.26130166666671356,compression60_expansion15_2x
AAPL,2026-05-18 19:06:00+00:00,296.95,0.24323934426229057,LATE_SESSION,MID,2026-05-18 00:00:00+00:00,1,0,0,True,2,compression90_expansion10_2.5x_000000,0.24323934426229057,compression90_expansion10_2.5x
AAPL,2026-06-17 18:10:00+00:00,295.78,0.2268049180327759,LATE_SESSION,MID,2026-06-17 00:00:00+00:00,-1,1,0,True,1,compression90_expansion10_2.5x_000001,0.2268049180327759,compression90_expansion10_2.5x
AAPL,2026-06-22 19:37:00+00:00,297.15,0.1768213114754141,LATE_SESSION,LOW,2026-06-22 00:00:00+00:00,-1,2,0,True,4,compression90_expansion10_2.5x_000002,0.1768213114754141,compression90_expansion10_2.5x
AAPL,2026-08-11 18:30:00+00:00,303.1244,0.18127868852460496,LATE_SESSION,LOW,2026-08-11 00:00:00+00:00,-1,3,0,True,1,compression90_expansion10_2.5x_000003,0.18127868852460496,compression90_expansion10_2.5x
ADBE,2026-08-13 18:34:00+00:00,260.45,0.2150934426230617,LATE_SESSION,MID,2026-08-13 00:00:00+00:00,1,0,0,True,10,compression90_expansion10_2.5x_000004,0.2150934426230617,compression90_expansion10_2.5x
ADI,2026-06-17 18:02:00+00:00,420.0,0.3356409836065931,LATE_SESSION,MID,2026-06-17 00:00:00+00:00,-1,0,0,True,9,compression90_expansion10_2.5x_000005,0.3356409836065931,compression90_expansion10_2.5x
AMZN,2026-05-18 19:03:00+00:00,264.45,0.2262819672131167,LATE_SESSION,MID,2026-05-18 00:00:00+00:00,1,0,0,True,8,compression90_expansion10_2.5x_000006,0.2262819672131167,compression90_expansion10_2.5x
AMZN,2026-06-17 18:08:00+00:00,239.05,0.20025573770491795,LATE_SESSION,MID,2026-06-17 00:00:00+00:00,-1,1,0,True,2,compression90_expansion10_2.5x_000007,0.20025573770491795,compression90_expansion10_2.5x
BKNG,2026-05-21 17:19:00+00:00,156.495,0.14262131147540913,MIDDAY,MID,2026-05-21 00:00:00+00:00,1,0,0,True,1,compression90_expansion10_2.5x_000008,0.14262131147540913,compression90_expansion10_2.5x
BKNG,2026-06-17 18:03:00+00:00,173.04,0.1424770491803205,LATE_SESSION,MID,2026-06-17 00:00:00+00:00,-1,1,0,True,8,compression90_expansion10_2.5x_000009,0.1424770491803205,compression90_expansion10_2.5x
BKNG,2026-08-14 18:18:00+00:00,213.37,0.13484098360655838,LATE_SESSION,LOW,2026-08-14 00:00:00+00:00,-1,2,0,True,9,compression90_expansion10_2.5x_000010,0.13484098360655838,compression90_expansion10_2.5x
CMCSA,2026-06-01 17:17:00+00:00,24.83,0.015895081967213346,MIDDAY,LOW,2026-06-01 00:00:00+00:00,1,0,0,True,3,compression90_expansion10_2.5x_000011,0.015895081967213346,compression90_expansion10_2.5x
CMCSA,2026-06-12 19:18:00+00:00,24.455,0.02061639344262196,LATE_SESSION,MID,2026-06-12 00:00:00+00:00,1,1,0,True,7,compression90_expansion10_2.5x_000012,0.02061639344262196,compression90_expansion10_2.5x
CMCSA,2026-08-07 19:07:00+00:00,25.47,0.020631147540970993,LATE_SESSION,MID,2026-08-07 00:00:00+00:00,-1,2,0,True,4,compression90_expansion10_2.5x_000013,0.020631147540970993,compression90_expansion10_2.5x
COST,2026-05-28 17:09:00+00:00,996.655,0.525855737704906,MIDDAY,LOW,2026-05-28 00:00:00+00:00,-1,0,0,True,3,compression90_expansion10_2.5x_000014,0.525855737704906,compression90_expansion10_2.5x
COST,2026-06-11 17:33:00+00:00,983.145,0.4951459016393215,MIDDAY,LOW,2026-06-11 00:00:00+00:00,1,1,0,True,8,compression90_expansion10_2.5x_000015,0.4951459016393215,compression90_expansion10_2.5x
COST,2026-06-17 18:09:00+00:00,964.4199,0.4977262295081748,LATE_SESSION,LOW,2026-06-17 00:00:00+00:00,-1,2,0,True,2,compression90_expansion10_2.5x_000016,0.4977262295081748,compression90_expansion10_2.5x
CSCO,2026-06-04 19:35:00+00:00,129.72,0.11205737704917701,LATE_SESSION,MID,2026-06-04 00:00:00+00:00,-1,0,0,True,8,compression90_expansion10_2.5x_000017,0.11205737704917701,compression90_expansion10_2.5x
CSCO,2026-06-17 18:04:00+00:00,117.51,0.08961311475408007,LATE_SESSION,MID,2026-06-17 00:00:00+00:00,-1,1,0,True,12,compression90_expansion10_2.5x_000018,0.08961311475408007,compression90_expansion10_2.5x
CSCO,2026-08-06 18:16:00+00:00,121.01,0.0961672131147754,LATE_SESSION,MID,2026-08-06 00:00:00+00:00,1,2,0,True,9,compression90_expansion10_2.5x_000019,0.0961672131147754,compression90_expansion10_2.5x
GILD,2026-06-11 17:32:00+00:00,126.68,0.10417540983605779,MIDDAY,MID,2026-06-11 00:00:00+00:00,1,0,0,True,7,compression90_expansion10_2.5x_000020,0.10417540983605779,compression90_expansion10_2.5x
GILD,2026-07-02 19:35:00+00:00,130.41,0.08100163934424748,LATE_SESSION,LOW,2026-07-02 00:00:00+00:00,1,1,0,True,1,compression90_expansion10_2.5x_000021,0.08100163934424748,compression90_expansion10_2.5x
GILD,2026-07-08 19:07:00+00:00,135.05,0.11108196721310094,LATE_SESSION,MID,2026-07-08 00:00:00+00:00,-1,2,0,True,4,compression90_expansion10_2.5x_000022,0.11108196721310094,compression90_expansion10_2.5x
GILD,2026-08-03 19:28:00+00:00,130.47,0.09349344262297608,LATE_SESSION,MID,2026-08-03 00:00:00+00:00,1,3,0,True,10,compression90_expansion10_2.5x_000023,0.09349344262297608,compression90_expansion10_2.5x
GOOGL,2026-06-17 18:04:00+00:00,364.66,0.3219360655737725,LATE_SESSION,MID,2026-06-17 00:00:00+00:00,-1,0,0,True,6,compression90_expansion10_2.5x_000024,0.3219360655737725,compression90_expansion10_2.5x
GOOGL,2026-07-16 18:08:00+00:00,363.78,0.35333278688511977,LATE_SESSION,MID,2026-07-16 00:00:00+00:00,-1,1,0,True,9,compression90_expansion10_2.5x_000025,0.35333278688511977,compression90_expansion10_2.5x
HON,2026-06-17 18:05:00+00:00,230.515,0.17572295081966882,LATE_SESSION,MID,2026-06-17 00:00:00+00:00,-1,0,0,True,6,compression90_expansion10_2.5x_000026,0.17572295081966882,compression90_expansion10_2.5x
HON,2026-06-30 18:01:00+00:00,223.195,0.21803606557374283,LATE_SESSION,MID,2026-06-30 00:00:00+00:00,-1,1,0,True,8,compression90_expansion10_2.5x_000027,0.21803606557374283,compression90_expansion10_2.5x
HON,2026-08-13 18:43:00+00:00,234.82,0.11541090909091012,LATE_SESSION,LOW,2026-08-13 00:00:00+00:00,1,2,0,True,3,compression90_expansion10_2.5x_000028,0.11541090909091012,compression90_expansion10_2.5x
INTU,2026-08-13 18:34:00+00:00,342.55,0.2726868852459433,LATE_SESSION,MID,2026-08-13 00:00:00+00:00,1,0,0,True,11,compression90_expansion10_2.5x_000029,0.2726868852459433,compression90_expansion10_2.5x
ISRG,2026-06-11 17:30:00+00:00,414.36,0.3719245901639386,MIDDAY,MID,2026-06-11 00:00:00+00:00,1,0,0,True,8,compression90_expansion10_2.5x_000030,0.3719245901639386,compression90_expansion10_2.5x
ISRG,2026-06-17 18:02:00+00:00,406.235,0.3011573770491984,LATE_SESSION,MID,2026-06-17 00:00:00+00:00,-1,1,0,True,12,compression90_expansion10_2.5x_000031,0.3011573770491984,compression90_expansion10_2.5x
MDLZ,2026-06-11 17:35:00+00:00,63.85,0.03889180327868711,MIDDAY,LOW,2026-06-11 00:00:00+00:00,1,0,0,True,5,compression90_expansion10_2.5x_000032,0.03889180327868711,compression90_expansion10_2.5x
META,2026-05-27 18:02:00+00:00,614.739,0.4231672131147475,LATE_SESSION,LOW,2026-05-27 00:00:00+00:00,1,0,0,True,12,compression90_expansion10_2.5x_000033,0.4231672131147475,compression90_expansion10_2.5x
META,2026-07-08 19:16:00+00:00,598.27,0.5543295081966253,LATE_SESSION,MID,2026-07-08 00:00:00+00:00,-1,1,0,True,4,compression90_expansion10_2.5x_000034,0.5543295081966253,compression90_expansion10_2.5x
META,2026-07-21 19:34:00+00:00,647.1,0.5265819672131329,LATE_SESSION,MID,2026-07-21 00:00:00+00:00,-1,2,0,True,8,compression90_expansion10_2.5x_000035,0.5265819672131329,compression90_expansion10_2.5x
META,2026-08-05 19:05:00+00:00,582.39,0.445645901639316,LATE_SESSION,MID,2026-08-05 00:00:00+00:00,-1,3,0,True,6,compression90_expansion10_2.5x_000036,0.445645901639316,compression90_expansion10_2.5x
MSFT,2026-06-17 18:07:00+00:00,383.35,0.27709508196721055,LATE_SESSION,MID,2026-06-17 00:00:00+00:00,-1,0,0,True,4,compression90_expansion10_2.5x_000037,0.27709508196721055,compression90_expansion10_2.5x
MSFT,2026-08-05 18:10:00+00:00,489.35,0.4215557377050811,LATE_SESSION,MID,2026-08-05 00:00:00+00:00,1,1,0,True,6,compression90_expansion10_2.5x_000038,0.4215557377050811,compression90_expansion10_2.5x
MSFT,2026-08-13 18:39:00+00:00,496.65,0.28105573770487546,LATE_SESSION,LOW,2026-08-13 00:00:00+00:00,1,2,0,True,6,compression90_expansion10_2.5x_000039,0.28105573770487546,compression90_expansion10_2.5x
NFLX,2026-06-11 17:35:00+00:00,81.465,0.05871475409834915,MIDDAY,MID,2026-06-11 00:00:00+00:00,1,0,0,True,5,compression90_expansion10_2.5x_000040,0.05871475409834915,compression90_expansion10_2.5x
NVDA,2026-06-17 18:04:00+00:00,206.2601,0.18823114754100134,LATE_SESSION,MID,2026-06-17 00:00:00+00:00,-1,0,0,True,6,compression90_expansion10_2.5x_000041,0.18823114754100134,compression90_expansion10_2.5x
PEP,2026-05-20 17:54:00+00:00,149.08,0.10269180327868646,MIDDAY,LOW,2026-05-20 00:00:00+00:00,-1,0,0,True,1,compression90_expansion10_2.5x_000042,0.10269180327868646,compression90_expansion10_2.5x
PEP,2026-06-11 17:36:00+00:00,145.185,0.08933114754097833,MIDDAY,LOW,2026-06-11 00:00:00+00:00,1,1,0,True,3,compression90_expansion10_2.5x_000043,0.08933114754097833,compression90_expansion10_2.5x
PEP,2026-07-29 18:08:00+00:00,143.69,0.11480327868852716,LATE_SESSION,MID,2026-07-29 00:00:00+00:00,-1,2,0,True,3,compression90_expansion10_2.5x_000044,0.11480327868852716,compression90_expansion10_2.5x
PYPL,2026-05-18 19:06:00+00:00,44.445,0.033822950819672515,LATE_SESSION,MID,2026-05-18 00:00:00+00:00,1,0,0,True,3,compression90_expansion10_2.5x_000045,0.033822950819672515,compression90_expansion10_2.5x
PYPL,2026-05-21 17:18:00+00:00,44.22,0.02568032786885347,MIDDAY,LOW,2026-05-21 00:00:00+00:00,1,1,0,True,8,compression90_expansion10_2.5x_000046,0.02568032786885347,compression90_expansion10_2.5x
PYPL,2026-06-01 17:56:00+00:00,45.32,0.04870655737704929,MIDDAY,MID,2026-06-01 00:00:00+00:00,-1,2,0,True,9,compression90_expansion10_2.5x_000047,0.04870655737704929,compression90_expansion10_2.5x
PYPL,2026-06-17 18:04:00+00:00,42.89,0.033563934426222686,LATE_SESSION,MID,2026-06-17 00:00:00+00:00,-1,3,0,True,10,compression90_expansion10_2.5x_000048,0.033563934426222686,compression90_expansion10_2.5x
PYPL,2026-08-06 16:11:00+00:00,58.815,0.04796393442623665,MIDDAY,MID,2026-08-06 00:00:00+00:00,-1,4,0,True,6,compression90_expansion10_2.5x_000049,0.04796393442623665,compression90_expansion10_2.5x
PYPL,2026-08-11 17:49:00+00:00,59.075,0.02285409836067778,MIDDAY,LOW,2026-08-11 00:00:00+00:00,1,5,0,True,10,compression90_expansion10_2.5x_000050,0.02285409836067778,compression90_expansion10_2.5x
PYPL,2026-08-14 19:44:00+00:00,62.06,0.07037213114756283,LATE_SESSION,MID,2026-08-14 00:00:00+00:00,1,6,0,True,2,compression90_expansion10_2.5x_000051,0.07037213114756283,compression90_expansion10_2.5x
REGN,2026-06-11 17:30:00+00:00,617.02,0.38976885245899556,MIDDAY,LOW,2026-06-11 00:00:00+00:00,1,0,0,True,10,compression90_expansion10_2.5x_000052,0.38976885245899556,compression90_expansion10_2.5x
REGN,2026-06-25 18:29:00+00:00,624.54,0.26699074074073265,LATE_SESSION,LOW,2026-06-25 00:00:00+00:00,-1,1,0,True,5,compression90_expansion10_2.5x_000053,0.26699074074073265,compression90_expansion10_2.5x
REGN,2026-07-02 19:36:00+00:00,651.6,0.36927166666670624,LATE_SESSION,LOW,2026-07-02 00:00:00+00:00,1,2,0,True,10,compression90_expansion10_2.5x_000054,0.36927166666670624,compression90_expansion10_2.5x
REGN,2026-07-08 18:29:00+00:00,664.905,0.36056363636363875,LATE_SESSION,LOW,2026-07-08 00:00:00+00:00,-1,3,0,True,12,compression90_expansion10_2.5x_000055,0.36056363636363875,compression90_expansion10_2.5x
REGN,2026-07-21 18:02:00+00:00,670.161,0.20946037735851655,LATE_SESSION,LOW,2026-07-21 00:00:00+00:00,-1,4,0,True,5,compression90_expansion10_2.5x_000056,0.20946037735851655,compression90_expansion10_2.5x
REGN,2026-07-22 16:33:00+00:00,653.86,0.5673316666667536,MIDDAY,MID,2026-07-22 00:00:00+00:00,-1,5,0,True,7,compression90_expansion10_2.5x_000057,0.5673316666667536,compression90_expansion10_2.5x
REGN,2026-07-24 18:28:00+00:00,659.53,0.4247491228070111,LATE_SESSION,LOW,2026-07-24 00:00:00+00:00,-1,6,0,True,2,compression90_expansion10_2.5x_000058,0.4247491228070111,compression90_expansion10_2.5x
REGN,2026-08-07 19:42:00+00:00,785.69,0.31887321428559645,LATE_SESSION,LOW,2026-08-07 00:00:00+00:00,1,7,0,True,4,compression90_expansion10_2.5x_000059,0.31887321428559645,compression90_expansion10_2.5x
REGN,2026-08-12 18:02:00+00:00,795.215,0.152686363636266,LATE_SESSION,LOW,2026-08-12 00:00:00+00:00,1,8,0,True,6,compression90_expansion10_2.5x_000060,0.152686363636266,compression90_expansion10_2.5x
REGN,2026-08-12 19:36:00+00:00,797.785,0.3357313725490017,LATE_SESSION,LOW,2026-08-12 00:00:00+00:00,-1,9,0,True,1,compression90_expansion10_2.5x_000061,0.3357313725490017,compression90_expansion10_2.5x
REGN,2026-08-14 18:01:00+00:00,805.46,0.1896885714286327,LATE_SESSION,LOW,2026-08-14 00:00:00+00:00,1,10,0,True,12,compression90_expansion10_2.5x_000062,0.1896885714286327,compression90_expansion10_2.5x
SBUX,2026-05-18 19:10:00+00:00,106.29,0.08047049180327956,LATE_SESSION,MID,2026-05-18 00:00:00+00:00,1,0,0,True,1,compression90_expansion10_2.5x_000063,0.08047049180327956,compression90_expansion10_2.5x
SBUX,2026-06-17 18:07:00+00:00,99.78,0.06616721311474491,LATE_SESSION,LOW,2026-06-17 00:00:00+00:00,-1,1,0,True,5,compression90_expansion10_2.5x_000064,0.06616721311474491,compression90_expansion10_2.5x
SBUX,2026-07-17 19:06:00+00:00,105.41,0.09148360655736634,LATE_SESSION,MID,2026-07-17 00:00:00+00:00,-1,2,0,True,4,compression90_expansion10_2.5x_000065,0.09148360655736634,compression90_expansion10_2.5x
SBUX,2026-07-22 19:03:00+00:00,103.1,0.06024262295080484,LATE_SESSION,LOW,2026-07-22 00:00:00+00:00,-1,3,0,True,6,compression90_expansion10_2.5x_000066,0.06024262295080484,compression90_expansion10_2.5x
TXN,2026-06-17 18:03:00+00:00,301.505,0.2714950819672073,LATE_SESSION,MID,2026-06-17 00:00:00+00:00,-1,0,0,True,7,compression90_expansion10_2.5x_000067,0.2714950819672073,compression90_expansion10_2.5x
VRTX,2026-05-15 19:25:00+00:00,436.765,0.26727796610169136,LATE_SESSION,LOW,2026-05-15 00:00:00+00:00,1,0,0,True,2,compression90_expansion10_2.5x_000068,0.26727796610169136,compression90_expansion10_2.5x
VRTX,2026-05-22 19:17:00+00:00,434.325,0.2391885245901624,LATE_SESSION,LOW,2026-05-22 00:00:00+00:00,-1,1,0,True,6,compression90_expansion10_2.5x_000069,0.2391885245901624,compression90_expansion10_2.5x
VRTX,2026-05-27 19:06:00+00:00,440.66,0.20821311475409127,LATE_SESSION,LOW,2026-05-27 00:00:00+00:00,-1,2,0,True,4,compression90_expansion10_2.5x_000070,0.20821311475409127,compression90_expansion10_2.5x
VRTX,2026-06-04 18:20:00+00:00,443.97,0.2414233333333338,LATE_SESSION,LOW,2026-06-04 00:00:00+00:00,1,3,0,True,11,compression90_expansion10_2.5x_000071,0.2414233333333338,compression90_expansion10_2.5x
VRTX,2026-06-11 17:33:00+00:00,442.59,0.3485377049180331,MIDDAY,MID,2026-06-11 00:00:00+00:00,1,4,0,True,6,compression90_expansion10_2.5x_000072,0.3485377049180331,compression90_expansion10_2.5x
VRTX,2026-06-17 18:09:00+00:00,457.36,0.25525689655171785,LATE_SESSION,LOW,2026-06-17 00:00:00+00:00,-1,5,0,True,11,compression90_expansion10_2.5x_000073,0.25525689655171785,compression90_expansion10_2.5x
VRTX,2026-07-21 19:06:00+00:00,482.015,0.19369016393440808,LATE_SESSION,LOW,2026-07-21 00:00:00+00:00,1,6,0,True,7,compression90_expansion10_2.5x_000074,0.19369016393440808,compression90_expansion10_2.5x
VRTX,2026-07-31 19:40:00+00:00,478.95,0.20925166666656878,LATE_SESSION,LOW,2026-07-31 00:00:00+00:00,1,7,0,True,4,compression90_expansion10_2.5x_000075,0.20925166666656878,compression90_expansion10_2.5x
AAPL,2026-05-18 19:05:00+00:00,297.275,0.2376655737704877,LATE_SESSION,MID,2026-05-18 00:00:00+00:00,1,0,0,True,14,compression45_expansion20_1.75x_000000,0.2376655737704877,compression45_expansion20_1.75x
AAPL,2026-05-21 17:25:00+00:00,304.32,0.18605081967212964,MIDDAY,LOW,2026-05-21 00:00:00+00:00,1,1,0,True,7,compression45_expansion20_1.75x_000001,0.18605081967212964,compression45_expansion20_1.75x
AAPL,2026-05-21 19:03:00+00:00,304.62,0.18394098360655992,LATE_SESSION,LOW,2026-05-21 00:00:00+00:00,-1,2,0,True,4,compression45_expansion20_1.75x_000002,0.18394098360655992,compression45_expansion20_1.75x
AAPL,2026-06-02 17:07:00+00:00,314.617,0.21144754098361876,MIDDAY,LOW,2026-06-02 00:00:00+00:00,1,3,0,True,2,compression45_expansion20_1.75x_000003,0.21144754098361876,compression45_expansion20_1.75x
AAPL,2026-06-17 18:10:00+00:00,295.78,0.2268049180327759,LATE_SESSION,MID,2026-06-17 00:00:00+00:00,-1,4,0,True,11,compression45_expansion20_1.75x_000004,0.2268049180327759,compression45_expansion20_1.75x
AAPL,2026-06-22 19:35:00+00:00,297.465,0.1689540983606705,LATE_SESSION,LOW,2026-06-22 00:00:00+00:00,-1,5,0,True,11,compression45_expansion20_1.75x_000005,0.1689540983606705,compression45_expansion20_1.75x
AAPL,2026-07-08 17:50:00+00:00,314.545,0.26347540983600787,MIDDAY,MID,2026-07-08 00:00:00+00:00,1,6,0,True,1,compression45_expansion20_1.75x_000006,0.26347540983600787,compression45_expansion20_1.75x
AAPL,2026-08-10 16:19:00+00:00,305.67,0.18441967213125354,MIDDAY,LOW,2026-08-10 00:00:00+00:00,-1,7,0,True,7,compression45_expansion20_1.75x_000007,0.18441967213125354,compression45_expansion20_1.75x
AAPL,2026-08-11 18:26:00+00:00,303.115,0.16365409836067019,LATE_SESSION,LOW,2026-08-11 00:00:00+00:00,-1,8,0,True,6,compression45_expansion20_1.75x_000008,0.16365409836067019,compression45_expansion20_1.75x
AAPL,2026-08-12 18:56:00+00:00,301.73,0.13579508196720572,LATE_SESSION,LOW,2026-08-12 00:00:00+00:00,1,9,0,True,6,compression45_expansion20_1.75x_000009,0.13579508196720572,compression45_expansion20_1.75x
ADBE,2026-05-21 17:24:00+00:00,245.41,0.2069901639344335,MIDDAY,MID,2026-05-21 00:00:00+00:00,1,0,0,True,4,compression45_expansion20_1.75x_000010,0.2069901639344335,compression45_expansion20_1.75x
ADBE,2026-08-13 18:34:00+00:00,260.45,0.2150934426230617,LATE_SESSION,MID,2026-08-13 00:00:00+00:00,1,1,0,True,19,compression45_expansion20_1.75x_000011,0.2150934426230617,compression45_expansion20_1.75x
ADI,2026-06-15 19:23:00+00:00,429.56,0.3371573770492119,LATE_SESSION,MID,2026-06-15 00:00:00+00:00,-1,0,0,True,1,compression45_expansion20_1.75x_000012,0.3371573770492119,compression45_expansion20_1.75x
ADI,2026-06-17 18:02:00+00:00,420.0,0.3356409836065931,LATE_SESSION,MID,2026-06-17 00:00:00+00:00,-1,1,0,True,18,compression45_expansion20_1.75x_000013,0.3356409836065931,compression45_expansion20_1.75x
ADI,2026-07-21 19:17:00+00:00,383.155,0.22950655737709058,LATE_SESSION,LOW,2026-07-21 00:00:00+00:00,-1,2,0,True,3,compression45_expansion20_1.75x_000014,0.22950655737709058,compression45_expansion20_1.75x
ADI,2026-08-04 18:07:00+00:00,377.185,0.27796885245900693,LATE_SESSION,MID,2026-08-04 00:00:00+00:00,-1,3,0,True,5,compression45_expansion20_1.75x_000015,0.27796885245900693,compression45_expansion20_1.75x
ADI,2026-08-10 19:40:00+00:00,386.26,0.27027704918035567,LATE_SESSION,MID,2026-08-10 00:00:00+00:00,-1,4,0,True,3,compression45_expansion20_1.75x_000016,0.27027704918035567,compression45_expansion20_1.75x
ADI,2026-08-14 19:41:00+00:00,386.76,0.24999016393440635,LATE_SESSION,LOW,2026-08-14 00:00:00+00:00,1,5,0,True,2,compression45_expansion20_1.75x_000017,0.24999016393440635,compression45_expansion20_1.75x
AMZN,2026-05-18 19:13:00+00:00,264.22,0.24641147540983388,LATE_SESSION,MID,2026-05-18 00:00:00+00:00,1,0,0,True,1,compression45_expansion20_1.75x_000018,0.24641147540983388,compression45_expansion20_1.75x
AMZN,2026-05-22 17:31:00+00:00,269.04,0.160591803278674,MIDDAY,LOW,2026-05-22 00:00:00+00:00,1,1,0,True,17,compression45_expansion20_1.75x_000019,0.160591803278674,compression45_expansion20_1.75x
AMZN,2026-06-17 18:07:00+00:00,239.005,0.1974688524590151,LATE_SESSION,MID,2026-06-17 00:00:00+00:00,-1,2,0,True,13,compression45_expansion20_1.75x_000020,0.1974688524590151,compression45_expansion20_1.75x
AMZN,2026-07-17 19:21:00+00:00,247.5,0.1639360655737738,LATE_SESSION,LOW,2026-07-17 00:00:00+00:00,-1,3,0,True,2,compression45_expansion20_1.75x_000021,0.1639360655737738,compression45_expansion20_1.75x
AMZN,2026-07-22 19:09:00+00:00,244.58,0.12940491803278076,LATE_SESSION,LOW,2026-07-22 00:00:00+00:00,1,4,0,True,18,compression45_expansion20_1.75x_000022,0.12940491803278076,compression45_expansion20_1.75x
AMZN,2026-08-10 19:40:00+00:00,277.438,0.1526442622950422,LATE_SESSION,LOW,2026-08-10 00:00:00+00:00,1,5,0,True,2,compression45_expansion20_1.75x_000023,0.1526442622950422,compression45_expansion20_1.75x
BKNG,2026-05-21 17:19:00+00:00,156.495,0.14262131147540913,MIDDAY,MID,2026-05-21 00:00:00+00:00,1,0,0,True,11,compression45_expansion20_1.75x_000024,0.14262131147540913,compression45_expansion20_1.75x
BKNG,2026-05-28 18:38:00+00:00,169.49,0.09777704918032713,LATE_SESSION,LOW,2026-05-28 00:00:00+00:00,1,1,0,True,16,compression45_expansion20_1.75x_000025,0.09777704918032713,compression45_expansion20_1.75x
BKNG,2026-06-15 18:07:00+00:00,173.24,0.13935081967211085,LATE_SESSION,MID,2026-06-15 00:00:00+00:00,-1,2,0,True,8,compression45_expansion20_1.75x_000026,0.13935081967211085,compression45_expansion20_1.75x
BKNG,2026-06-16 19:39:00+00:00,176.065,0.13460000000004285,LATE_SESSION,MID,2026-06-16 00:00:00+00:00,-1,3,0,True,1,compression45_expansion20_1.75x_000027,0.13460000000004285,compression45_expansion20_1.75x
BKNG,2026-06-17 18:04:00+00:00,172.86,0.1462475409835995,LATE_SESSION,MID,2026-06-17 00:00:00+00:00,-1,4,0,True,15,compression45_expansion20_1.75x_000028,0.1462475409835995,compression45_expansion20_1.75x
BKNG,2026-07-01 19:13:00+00:00,183.64,0.14025081967211606,LATE_SESSION,MID,2026-07-01 00:00:00+00:00,-1,5,0,True,4,compression45_expansion20_1.75x_000029,0.14025081967211606,compression45_expansion20_1.75x
BKNG,2026-07-06 19:36:00+00:00,181.26,0.14088688524593562,LATE_SESSION,MID,2026-07-06 00:00:00+00:00,-1,6,0,True,3,compression45_expansion20_1.75x_000030,0.14088688524593562,compression45_expansion20_1.75x
BKNG,2026-08-06 19:28:00+00:00,208.085,0.15025081967209578,LATE_SESSION,MID,2026-08-06 00:00:00+00:00,1,7,0,True,6,compression45_expansion20_1.75x_000031,0.15025081967209578,compression45_expansion20_1.75x
BKNG,2026-08-13 18:53:00+00:00,213.685,0.11321967213115997,LATE_SESSION,LOW,2026-08-13 00:00:00+00:00,1,8,0,True,5,compression45_expansion20_1.75x_000032,0.11321967213115997,compression45_expansion20_1.75x
BKNG,2026-08-14 18:19:00+00:00,213.62,0.14016885245901442,LATE_SESSION,LOW,2026-08-14 00:00:00+00:00,-1,9,0,True,17,compression45_expansion20_1.75x_000033,0.14016885245901442,compression45_expansion20_1.75x
CMCSA,2026-05-21 17:23:00+00:00,25.035,0.0187213114754107,MIDDAY,MID,2026-05-21 00:00:00+00:00,1,0,0,True,13,compression45_expansion20_1.75x_000034,0.0187213114754107,compression45_expansion20_1.75x
CMCSA,2026-06-01 17:14:00+00:00,24.802,0.015252459016393539,MIDDAY,LOW,2026-06-01 00:00:00+00:00,1,1,0,True,23,compression45_expansion20_1.75x_000035,0.015252459016393539,compression45_expansion20_1.75x
CMCSA,2026-06-11 17:28:00+00:00,23.975,0.01965737704917965,MIDDAY,MID,2026-06-11 00:00:00+00:00,-1,2,0,True,6,compression45_expansion20_1.75x_000036,0.01965737704917965,compression45_expansion20_1.75x
CMCSA,2026-06-12 19:16:00+00:00,24.445,0.019878688524588913,LATE_SESSION,MID,2026-06-12 00:00:00+00:00,1,3,0,True,5,compression45_expansion20_1.75x_000037,0.019878688524588913,compression45_expansion20_1.75x
CMCSA,2026-06-16 19:02:00+00:00,23.405,0.020124590163932952,LATE_SESSION,MID,2026-06-16 00:00:00+00:00,-1,4,0,True,1,compression45_expansion20_1.75x_000038,0.020124590163932952,compression45_expansion20_1.75x
CMCSA,2026-06-17 18:16:00+00:00,22.895,0.0183950819672134,LATE_SESSION,MID,2026-06-17 00:00:00+00:00,-1,5,0,True,2,compression45_expansion20_1.75x_000039,0.0183950819672134,compression45_expansion20_1.75x
CMCSA,2026-08-07 19:10:00+00:00,25.425,0.020091803278675244,LATE_SESSION,MID,2026-08-07 00:00:00+00:00,-1,6,0,True,13,compression45_expansion20_1.75x_000040,0.020091803278675244,compression45_expansion20_1.75x
COST,2026-05-28 17:08:00+00:00,999.0,0.4859278688524503,MIDDAY,LOW,2026-05-28 00:00:00+00:00,-1,0,0,True,16,compression45_expansion20_1.75x_000041,0.4859278688524503,compression45_expansion20_1.75x
COST,2026-05-28 19:09:00+00:00,996.735,0.4458032786885165,LATE_SESSION,LOW,2026-05-28 00:00:00+00:00,-1,1,0,True,15,compression45_expansion20_1.75x_000042,0.4458032786885165,compression45_expansion20_1.75x
COST,2026-06-11 17:30:00+00:00,984.205,0.4590819672130983,MIDDAY,LOW,2026-06-11 00:00:00+00:00,1,2,0,True,22,compression45_expansion20_1.75x_000043,0.4590819672130983,compression45_expansion20_1.75x
COST,2026-06-17 18:08:00+00:00,963.975,0.499365573770461,LATE_SESSION,LOW,2026-06-17 00:00:00+00:00,-1,3,0,True,14,compression45_expansion20_1.75x_000044,0.499365573770461,compression45_expansion20_1.75x
COST,2026-06-26 18:49:00+00:00,954.475,0.4300967213113508,LATE_SESSION,LOW,2026-06-26 00:00:00+00:00,1,4,0,True,15,compression45_expansion20_1.75x_000045,0.4300967213113508,compression45_expansion20_1.75x
COST,2026-07-01 19:37:00+00:00,922.2999,0.612527868852578,LATE_SESSION,LOW,2026-07-01 00:00:00+00:00,-1,5,0,True,9,compression45_expansion20_1.75x_000046,0.612527868852578,compression45_expansion20_1.75x
COST,2026-07-13 18:06:00+00:00,925.37,0.4311688524590625,LATE_SESSION,LOW,2026-07-13 00:00:00+00:00,1,6,0,True,2,compression45_expansion20_1.75x_000047,0.4311688524590625,compression45_expansion20_1.75x
COST,2026-07-14 17:28:00+00:00,921.0424,0.4602366666666967,MIDDAY,LOW,2026-07-14 00:00:00+00:00,-1,7,0,True,5,compression45_expansion20_1.75x_000048,0.4602366666666967,compression45_expansion20_1.75x
COST,2026-07-15 19:32:00+00:00,912.62,0.497801639344214,LATE_SESSION,LOW,2026-07-15 00:00:00+00:00,-1,8,0,True,14,compression45_expansion20_1.75x_000049,0.497801639344214,compression45_expansion20_1.75x
COST,2026-08-07 18:48:00+00:00,943.925,0.25243050847434384,LATE_SESSION,LOW,2026-08-07 00:00:00+00:00,-1,9,0,True,1,compression45_expansion20_1.75x_000050,0.25243050847434384,compression45_expansion20_1.75x
COST,2026-08-10 19:30:00+00:00,945.42,0.32676721311485174,LATE_SESSION,LOW,2026-08-10 00:00:00+00:00,-1,10,0,True,7,compression45_expansion20_1.75x_000051,0.32676721311485174,compression45_expansion20_1.75x
COST,2026-08-13 18:51:00+00:00,956.28,0.3003966666665898,LATE_SESSION,LOW,2026-08-13 00:00:00+00:00,1,11,0,True,3,compression45_expansion20_1.75x_000052,0.3003966666665898,compression45_expansion20_1.75x
CSCO,2026-05-22 17:36:00+00:00,120.445,0.08242786885245987,MIDDAY,LOW,2026-05-22 00:00:00+00:00,-1,0,0,True,4,compression45_expansion20_1.75x_000053,0.08242786885245987,compression45_expansion20_1.75x
CSCO,2026-05-29 18:37:00+00:00,120.9825,0.08483606557376602,LATE_SESSION,MID,2026-05-29 00:00:00+00:00,1,1,0,True,2,compression45_expansion20_1.75x_000054,0.08483606557376602,compression45_expansion20_1.75x
CSCO,2026-06-01 19:11:00+00:00,121.15,0.08847377049179517,LATE_SESSION,MID,2026-06-01 00:00:00+00:00,1,2,0,True,17,compression45_expansion20_1.75x_000055,0.08847377049179517,compression45_expansion20_1.75x
CSCO,2026-06-04 19:35:00+00:00,129.72,0.11205737704917701,LATE_SESSION,MID,2026-06-04 00:00:00+00:00,-1,3,0,True,11,compression45_expansion20_1.75x_000056,0.11205737704917701,compression45_expansion20_1.75x
CSCO,2026-06-17 18:05:00+00:00,117.25,0.09280983606555444,LATE_SESSION,MID,2026-06-17 00:00:00+00:00,-1,4,0,True,17,compression45_expansion20_1.75x_000057,0.09280983606555444,compression45_expansion20_1.75x
CSCO,2026-07-10 19:36:00+00:00,120.645,0.07566557377051558,LATE_SESSION,LOW,2026-07-10 00:00:00+00:00,1,5,0,True,1,compression45_expansion20_1.75x_000058,0.07566557377051558,compression45_expansion20_1.75x
CSCO,2026-08-06 18:16:00+00:00,121.01,0.0961672131147754,LATE_SESSION,MID,2026-08-06 00:00:00+00:00,1,6,0,True,20,compression45_expansion20_1.75x_000059,0.0961672131147754,compression45_expansion20_1.75x
CSCO,2026-08-14 17:36:00+00:00,111.5801,0.06366393442624299,MIDDAY,LOW,2026-08-14 00:00:00+00:00,1,7,0,True,17,compression45_expansion20_1.75x_000060,0.06366393442624299,compression45_expansion20_1.75x
GILD,2026-05-21 17:24:00+00:00,130.56,0.06328032786884995,MIDDAY,LOW,2026-05-21 00:00:00+00:00,1,0,0,True,10,compression45_expansion20_1.75x_000061,0.06328032786884995,compression45_expansion20_1.75x
GILD,2026-05-22 17:31:00+00:00,133.7,0.07976393442622859,MIDDAY,LOW,2026-05-22 00:00:00+00:00,1,1,0,True,3,compression45_expansion20_1.75x_000062,0.07976393442622859,compression45_expansion20_1.75x
GILD,2026-05-28 18:17:00+00:00,135.625,0.08605901639344055,LATE_SESSION,LOW,2026-05-28 00:00:00+00:00,1,2,0,True,3,compression45_expansion20_1.75x_000063,0.08605901639344055,compression45_expansion20_1.75x
GILD,2026-05-29 19:44:00+00:00,133.68,0.0846049180327836,LATE_SESSION,LOW,2026-05-29 00:00:00+00:00,-1,3,0,True,1,compression45_expansion20_1.75x_000064,0.0846049180327836,compression45_expansion20_1.75x
GILD,2026-06-09 19:31:00+00:00,124.9,0.09461475409836537,LATE_SESSION,MID,2026-06-09 00:00:00+00:00,-1,4,0,True,11,compression45_expansion20_1.75x_000065,0.09461475409836537,compression45_expansion20_1.75x
GILD,2026-06-11 17:30:00+00:00,126.71,0.09933934426228797,MIDDAY,MID,2026-06-11 00:00:00+00:00,1,5,0,True,19,compression45_expansion20_1.75x_000066,0.09933934426228797,compression45_expansion20_1.75x
GILD,2026-06-16 19:32:00+00:00,126.45,0.10014590163932478,LATE_SESSION,MID,2026-06-16 00:00:00+00:00,-1,6,0,True,2,compression45_expansion20_1.75x_000067,0.10014590163932478,compression45_expansion20_1.75x
GILD,2026-06-17 18:07:00+00:00,124.945,0.08287540983605006,LATE_SESSION,LOW,2026-06-17 00:00:00+00:00,-1,7,0,True,16,compression45_expansion20_1.75x_000068,0.08287540983605006,compression45_expansion20_1.75x
GILD,2026-06-29 18:42:00+00:00,125.955,0.05839836065573107,LATE_SESSION,LOW,2026-06-29 00:00:00+00:00,-1,8,0,True,27,compression45_expansion20_1.75x_000069,0.05839836065573107,compression45_expansion20_1.75x
GILD,2026-07-01 18:19:00+00:00,125.86,0.06269999999999079,LATE_SESSION,LOW,2026-07-01 00:00:00+00:00,-1,9,0,True,5,compression45_expansion20_1.75x_000070,0.06269999999999079,compression45_expansion20_1.75x
GILD,2026-07-02 19:32:00+00:00,130.38,0.07452622950817847,LATE_SESSION,LOW,2026-07-02 00:00:00+00:00,1,10,0,True,14,compression45_expansion20_1.75x_000071,0.07452622950817847,compression45_expansion20_1.75x
GILD,2026-07-08 19:01:00+00:00,135.27,0.10837704918031466,LATE_SESSION,MID,2026-07-08 00:00:00+00:00,-1,11,0,True,17,compression45_expansion20_1.75x_000072,0.10837704918031466,compression45_expansion20_1.75x
GILD,2026-07-22 19:03:00+00:00,130.975,0.05493442622949513,LATE_SESSION,LOW,2026-07-22 00:00:00+00:00,-1,12,0,True,13,compression45_expansion20_1.75x_000073,0.05493442622949513,compression45_expansion20_1.75x
GILD,2026-08-03 19:28:00+00:00,130.47,0.09349344262297608,LATE_SESSION,MID,2026-08-03 00:00:00+00:00,1,13,0,True,18,compression45_expansion20_1.75x_000074,0.09349344262297608,compression45_expansion20_1.75x
GILD,2026-08-04 18:19:00+00:00,131.545,0.07081967213116513,LATE_SESSION,LOW,2026-08-04 00:00:00+00:00,1,14,0,True,2,compression45_expansion20_1.75x_000075,0.07081967213116513,compression45_expansion20_1.75x
GILD,2026-08-06 19:22:00+00:00,131.22,0.08850819672132454,LATE_SESSION,LOW,2026-08-06 00:00:00+00:00,1,15,0,True,13,compression45_expansion20_1.75x_000076,0.08850819672132454,compression45_expansion20_1.75x
GOOGL,2026-06-01 17:45:00+00:00,378.4,0.26510163934427344,MIDDAY,MID,2026-06-01 00:00:00+00:00,1,0,0,True,4,compression45_expansion20_1.75x_000077,0.26510163934427344,compression45_expansion20_1.75x
GOOGL,2026-06-17 18:08:00+00:00,365.09,0.3506557377049085,LATE_SESSION,MID,2026-06-17 00:00:00+00:00,1,1,0,True,7,compression45_expansion20_1.75x_000078,0.3506557377049085,compression45_expansion20_1.75x
GOOGL,2026-07-16 18:07:00+00:00,365.22,0.31939836065561633,LATE_SESSION,MID,2026-07-16 00:00:00+00:00,-1,2,0,True,20,compression45_expansion20_1.75x_000079,0.31939836065561633,compression45_expansion20_1.75x
GOOGL,2026-08-10 18:49:00+00:00,355.6799,0.15364426229518627,LATE_SESSION,LOW,2026-08-10 00:00:00+00:00,1,3,0,True,2,compression45_expansion20_1.75x_000080,0.15364426229518627,compression45_expansion20_1.75x
GOOGL,2026-08-12 17:43:00+00:00,341.845,0.21331803278670003,MIDDAY,LOW,2026-08-12 00:00:00+00:00,-1,4,0,True,11,compression45_expansion20_1.75x_000081,0.21331803278670003,compression45_expansion20_1.75x
HON,2026-05-18 19:06:00+00:00,217.45,0.1224147540983629,LATE_SESSION,LOW,2026-05-18 00:00:00+00:00,1,0,0,True,7,compression45_expansion20_1.75x_000082,0.1224147540983629,compression45_expansion20_1.75x
HON,2026-05-27 17:34:00+00:00,233.58,0.10857457627118793,MIDDAY,LOW,2026-05-27 00:00:00+00:00,1,1,0,True,2,compression45_expansion20_1.75x_000083,0.10857457627118793,compression45_expansion20_1.75x
HON,2026-06-02 19:30:00+00:00,235.635,0.1004163934426269,LATE_SESSION,LOW,2026-06-02 00:00:00+00:00,1,2,0,True,14,compression45_expansion20_1.75x_000084,0.1004163934426269,compression45_expansion20_1.75x
HON,2026-06-10 19:44:00+00:00,205.915,0.1454442622950939,LATE_SESSION,MID,2026-06-10 00:00:00+00:00,-1,3,0,True,1,compression45_expansion20_1.75x_000085,0.1454442622950939,compression45_expansion20_1.75x
HON,2026-06-12 19:17:00+00:00,221.59,0.18830655737705174,LATE_SESSION,MID,2026-06-12 00:00:00+00:00,-1,4,0,True,1,compression45_expansion20_1.75x_000086,0.18830655737705174,compression45_expansion20_1.75x
HON,2026-06-16 19:09:00+00:00,230.32,0.13874098360655598,LATE_SESSION,LOW,2026-06-16 00:00:00+00:00,-1,5,0,True,5,compression45_expansion20_1.75x_000087,0.13874098360655598,compression45_expansion20_1.75x
HON,2026-06-17 18:08:00+00:00,230.93,0.18252459016393094,LATE_SESSION,MID,2026-06-17 00:00:00+00:00,-1,6,0,True,14,compression45_expansion20_1.75x_000088,0.18252459016393094,compression45_expansion20_1.75x
HON,2026-06-30 18:00:00+00:00,223.08,0.2176049180327519,LATE_SESSION,MID,2026-06-30 00:00:00+00:00,-1,7,0,True,18,compression45_expansion20_1.75x_000089,0.2176049180327519,compression45_expansion20_1.75x
HON,2026-07-13 17:03:00+00:00,220.6475,0.14348196721311232,MIDDAY,LOW,2026-07-13 00:00:00+00:00,-1,8,0,True,8,compression45_expansion20_1.75x_000090,0.14348196721311232,compression45_expansion20_1.75x
HON,2026-07-13 19:45:00+00:00,221.6,0.11536999999999958,LATE_SESSION,LOW,2026-07-13 00:00:00+00:00,1,9,0,True,1,compression45_expansion20_1.75x_000091,0.11536999999999958,compression45_expansion20_1.75x
HON,2026-07-28 19:10:00+00:00,247.97,0.1288118644067824,LATE_SESSION,LOW,2026-07-28 00:00:00+00:00,1,10,0,True,3,compression45_expansion20_1.75x_000092,0.1288118644067824,compression45_expansion20_1.75x
HON,2026-07-29 18:09:00+00:00,243.585,0.15963934426229973,LATE_SESSION,LOW,2026-07-29 00:00:00+00:00,1,11,0,True,11,compression45_expansion20_1.75x_000093,0.15963934426229973,compression45_expansion20_1.75x
HON,2026-07-31 18:09:00+00:00,245.365,0.09661499999998947,LATE_SESSION,LOW,2026-07-31 00:00:00+00:00,1,12,0,True,3,compression45_expansion20_1.75x_000094,0.09661499999998947,compression45_expansion20_1.75x
HON,2026-08-06 19:28:00+00:00,241.625,0.19464918032788206,LATE_SESSION,MID,2026-08-06 00:00:00+00:00,1,13,0,True,2,compression45_expansion20_1.75x_000095,0.19464918032788206,compression45_expansion20_1.75x
HON,2026-08-10 17:41:00+00:00,243.385,0.10090000000006706,MIDDAY,LOW,2026-08-10 00:00:00+00:00,1,14,0,True,3,compression45_expansion20_1.75x_000096,0.10090000000006706,compression45_expansion20_1.75x
HON,2026-08-13 16:56:00+00:00,233.52,0.08162033898306463,MIDDAY,LOW,2026-08-13 00:00:00+00:00,1,15,0,True,7,compression45_expansion20_1.75x_000097,0.08162033898306463,compression45_expansion20_1.75x
HON,2026-08-14 19:32:00+00:00,233.53,0.08072909090908731,LATE_SESSION,LOW,2026-08-14 00:00:00+00:00,-1,16,0,True,9,compression45_expansion20_1.75x_000098,0.08072909090908731,compression45_expansion20_1.75x
INTU,2026-08-04 19:34:00+00:00,323.72,0.22067377049172107,LATE_SESSION,LOW,2026-08-04 00:00:00+00:00,1,0,0,True,12,compression45_expansion20_1.75x_000099,0.22067377049172107,compression45_expansion20_1.75x
INTU,2026-08-13 18:34:00+00:00,342.55,0.2726868852459433,LATE_SESSION,MID,2026-08-13 00:00:00+00:00,1,1,0,True,18,compression45_expansion20_1.75x_000100,0.2726868852459433,compression45_expansion20_1.75x
ISRG,2026-06-03 16:36:00+00:00,402.85,0.22436393442621622,MIDDAY,LOW,2026-06-03 00:00:00+00:00,1,0,0,True,8,compression45_expansion20_1.75x_000101,0.22436393442621622,compression45_expansion20_1.75x
ISRG,2026-06-08 19:44:00+00:00,421.42,0.25609344262291595,LATE_SESSION,LOW,2026-06-08 00:00:00+00:00,1,1,0,True,2,compression45_expansion20_1.75x_000102,0.25609344262291595,compression45_expansion20_1.75x
ISRG,2026-06-11 17:38:00+00:00,413.945,0.41909672131148046,MIDDAY,MID,2026-06-11 00:00:00+00:00,1,2,0,True,10,compression45_expansion20_1.75x_000103,0.41909672131148046,compression45_expansion20_1.75x
ISRG,2026-06-17 18:02:00+00:00,406.235,0.3011573770491984,LATE_SESSION,MID,2026-06-17 00:00:00+00:00,-1,3,0,True,19,compression45_expansion20_1.75x_000104,0.3011573770491984,compression45_expansion20_1.75x
KLAC,2026-06-01 17:44:00+00:00,1932.655,1.7153327868852446,MIDDAY,MID,2026-06-01 00:00:00+00:00,1,0,0,True,1,compression45_expansion20_1.75x_000105,1.7153327868852446,compression45_expansion20_1.75x
MDLZ,2026-05-20 17:48:00+00:00,61.85,0.03598852459016468,MIDDAY,LOW,2026-05-20 00:00:00+00:00,1,0,0,True,12,compression45_expansion20_1.75x_000106,0.03598852459016468,compression45_expansion20_1.75x
MDLZ,2026-05-21 17:25:00+00:00,61.53,0.02413114754098514,MIDDAY,LOW,2026-05-21 00:00:00+00:00,1,1,0,True,7,compression45_expansion20_1.75x_000107,0.02413114754098514,compression45_expansion20_1.75x
MDLZ,2026-06-08 17:43:00+00:00,61.71,0.025311475409831124,MIDDAY,LOW,2026-06-08 00:00:00+00:00,-1,2,0,True,19,compression45_expansion20_1.75x_000108,0.025311475409831124,compression45_expansion20_1.75x
MDLZ,2026-06-11 17:32:00+00:00,63.795,0.03602295081967053,MIDDAY,LOW,2026-06-11 00:00:00+00:00,1,3,0,True,19,compression45_expansion20_1.75x_000109,0.03602295081967053,compression45_expansion20_1.75x
MDLZ,2026-06-15 17:46:00+00:00,61.54,0.027626229508191276,MIDDAY,LOW,2026-06-15 00:00:00+00:00,-1,4,0,True,1,compression45_expansion20_1.75x_000110,0.027626229508191276,compression45_expansion20_1.75x
MDLZ,2026-06-17 18:13:00+00:00,60.23,0.044422950819665165,LATE_SESSION,MID,2026-06-17 00:00:00+00:00,-1,5,0,True,9,compression45_expansion20_1.75x_000111,0.044422950819665165,compression45_expansion20_1.75x
MDLZ,2026-07-01 19:09:00+00:00,58.785,0.0337786885245723,LATE_SESSION,LOW,2026-07-01 00:00:00+00:00,1,6,0,True,8,compression45_expansion20_1.75x_000112,0.0337786885245723,compression45_expansion20_1.75x
MDLZ,2026-07-06 19:35:00+00:00,59.09,0.035860655737688145,LATE_SESSION,LOW,2026-07-06 00:00:00+00:00,-1,7,0,True,1,compression45_expansion20_1.75x_000113,0.035860655737688145,compression45_expansion20_1.75x
MDLZ,2026-07-27 19:17:00+00:00,60.68,0.027986885245883938,LATE_SESSION,LOW,2026-07-27 00:00:00+00:00,-1,8,0,True,10,compression45_expansion20_1.75x_000114,0.027986885245883938,compression45_expansion20_1.75x
MDLZ,2026-07-30 19:22:00+00:00,63.16,0.03446229508197903,LATE_SESSION,LOW,2026-07-30 00:00:00+00:00,-1,9,0,True,3,compression45_expansion20_1.75x_000115,0.03446229508197903,compression45_expansion20_1.75x
MDLZ,2026-08-11 19:09:00+00:00,61.63,0.027518032786899505,LATE_SESSION,LOW,2026-08-11 00:00:00+00:00,1,10,0,True,11,compression45_expansion20_1.75x_000116,0.027518032786899505,compression45_expansion20_1.75x
META,2026-05-21 17:19:00+00:00,606.5,0.4695606557376971,MIDDAY,MID,2026-05-21 00:00:00+00:00,1,0,0,True,13,compression45_expansion20_1.75x_000117,0.4695606557376971,compression45_expansion20_1.75x
META,2026-05-21 19:06:00+00:00,606.24,0.4604786885245884,LATE_SESSION,MID,2026-05-21 00:00:00+00:00,-1,1,0,True,6,compression45_expansion20_1.75x_000118,0.4604786885245884,compression45_expansion20_1.75x
META,2026-05-27 18:02:00+00:00,614.739,0.4231672131147475,LATE_SESSION,LOW,2026-05-27 00:00:00+00:00,1,2,0,True,19,compression45_expansion20_1.75x_000119,0.4231672131147475,compression45_expansion20_1.75x
META,2026-06-22 19:30:00+00:00,564.9939,0.3797032786885703,LATE_SESSION,LOW,2026-06-22 00:00:00+00:00,-1,3,0,True,9,compression45_expansion20_1.75x_000120,0.3797032786885703,compression45_expansion20_1.75x
META,2026-07-21 19:36:00+00:00,647.33,0.5362540983607359,LATE_SESSION,MID,2026-07-21 00:00:00+00:00,-1,4,0,True,10,compression45_expansion20_1.75x_000121,0.5362540983607359,compression45_expansion20_1.75x
META,2026-08-05 19:04:00+00:00,581.51,0.42956721311476614,LATE_SESSION,MID,2026-08-05 00:00:00+00:00,-1,5,0,True,17,compression45_expansion20_1.75x_000122,0.42956721311476614,compression45_expansion20_1.75x
META,2026-08-13 19:06:00+00:00,594.16,0.3899491803277356,LATE_SESSION,LOW,2026-08-13 00:00:00+00:00,1,6,0,True,7,compression45_expansion20_1.75x_000123,0.3899491803277356,compression45_expansion20_1.75x
MSFT,2026-05-20 16:33:00+00:00,417.81,0.358629508196723,MIDDAY,MID,2026-05-20 00:00:00+00:00,1,0,0,True,8,compression45_expansion20_1.75x_000124,0.358629508196723,compression45_expansion20_1.75x
MSFT,2026-05-21 17:26:00+00:00,417.5434,0.3239065573770523,MIDDAY,MID,2026-05-21 00:00:00+00:00,1,1,0,True,3,compression45_expansion20_1.75x_000125,0.3239065573770523,compression45_expansion20_1.75x
MSFT,2026-06-17 18:11:00+00:00,383.27,0.27365081967213956,LATE_SESSION,MID,2026-06-17 00:00:00+00:00,-1,2,0,True,10,compression45_expansion20_1.75x_000126,0.27365081967213956,compression45_expansion20_1.75x
MSFT,2026-08-05 18:09:00+00:00,489.12,0.41712786885259673,LATE_SESSION,MID,2026-08-05 00:00:00+00:00,1,3,0,True,15,compression45_expansion20_1.75x_000127,0.41712786885259673,compression45_expansion20_1.75x
MSFT,2026-08-13 18:40:00+00:00,496.66,0.2849081967212785,LATE_SESSION,LOW,2026-08-13 00:00:00+00:00,1,4,0,True,19,compression45_expansion20_1.75x_000128,0.2849081967212785,compression45_expansion20_1.75x
NFLX,2026-05-18 19:07:00+00:00,89.655,0.06573278688524535,LATE_SESSION,MID,2026-05-18 00:00:00+00:00,1,0,0,True,11,compression45_expansion20_1.75x_000129,0.06573278688524535,compression45_expansion20_1.75x
NFLX,2026-06-11 17:35:00+00:00,81.465,0.05871475409834915,MIDDAY,MID,2026-06-11 00:00:00+00:00,1,1,0,True,15,compression45_expansion20_1.75x_000130,0.05871475409834915,compression45_expansion20_1.75x
NFLX,2026-06-12 19:29:00+00:00,80.525,0.0567262295081849,LATE_SESSION,MID,2026-06-12 00:00:00+00:00,-1,2,0,True,6,compression45_expansion20_1.75x_000131,0.0567262295081849,compression45_expansion20_1.75x
NFLX,2026-06-17 18:14:00+00:00,77.395,0.06101475409835328,LATE_SESSION,MID,2026-06-17 00:00:00+00:00,-1,3,0,True,8,compression45_expansion20_1.75x_000132,0.06101475409835328,compression45_expansion20_1.75x
NFLX,2026-07-14 19:05:00+00:00,73.7356,0.04784918032788244,LATE_SESSION,LOW,2026-07-14 00:00:00+00:00,-1,4,0,True,2,compression45_expansion20_1.75x_000133,0.04784918032788244,compression45_expansion20_1.75x
NFLX,2026-07-21 18:11:00+00:00,67.395,0.058006557377077536,LATE_SESSION,MID,2026-07-21 00:00:00+00:00,1,5,0,True,2,compression45_expansion20_1.75x_000134,0.058006557377077536,compression45_expansion20_1.75x
NFLX,2026-07-31 18:30:00+00:00,71.685,0.058265573770484955,LATE_SESSION,MID,2026-07-31 00:00:00+00:00,-1,6,0,True,8,compression45_expansion20_1.75x_000135,0.058265573770484955,compression45_expansion20_1.75x
NVDA,2026-06-17 18:14:00+00:00,206.165,0.2320295081967519,LATE_SESSION,MID,2026-06-17 00:00:00+00:00,-1,0,0,True,6,compression45_expansion20_1.75x_000136,0.2320295081967519,compression45_expansion20_1.75x
PANW,2026-08-11 18:19:00+00:00,382.125,0.30864262295093436,LATE_SESSION,MID,2026-08-11 00:00:00+00:00,-1,0,0,True,13,compression45_expansion20_1.75x_000137,0.30864262295093436,compression45_expansion20_1.75x
PEP,2026-05-20 17:50:00+00:00,149.12,0.10068196721311307,MIDDAY,LOW,2026-05-20 00:00:00+00:00,-1,0,0,True,16,compression45_expansion20_1.75x_000138,0.10068196721311307,compression45_expansion20_1.75x
PEP,2026-06-11 17:34:00+00:00,145.07,0.0862180327868768,MIDDAY,LOW,2026-06-11 00:00:00+00:00,1,1,0,True,16,compression45_expansion20_1.75x_000139,0.0862180327868768,compression45_expansion20_1.75x
PEP,2026-06-24 19:45:00+00:00,142.505,0.07024754098360003,LATE_SESSION,LOW,2026-06-24 00:00:00+00:00,-1,2,0,True,1,compression45_expansion20_1.75x_000140,0.07024754098360003,compression45_expansion20_1.75x
PEP,2026-06-26 19:23:00+00:00,141.2,0.06044262295079564,LATE_SESSION,LOW,2026-06-26 00:00:00+00:00,-1,3,0,True,7,compression45_expansion20_1.75x_000141,0.06044262295079564,compression45_expansion20_1.75x
PEP,2026-06-30 19:32:00+00:00,135.54,0.08625901639342762,LATE_SESSION,LOW,2026-06-30 00:00:00+00:00,-1,4,0,True,9,compression45_expansion20_1.75x_000142,0.08625901639342762,compression45_expansion20_1.75x
PEP,2026-07-29 18:11:00+00:00,143.71,0.12095081967214116,LATE_SESSION,MID,2026-07-29 00:00:00+00:00,-1,5,0,True,9,compression45_expansion20_1.75x_000143,0.12095081967214116,compression45_expansion20_1.75x
PYPL,2026-05-18 19:07:00+00:00,44.3966,0.03379016393442657,LATE_SESSION,MID,2026-05-18 00:00:00+00:00,-1,0,0,True,14,compression45_expansion20_1.75x_000144,0.03379016393442657,compression45_expansion20_1.75x
PYPL,2026-05-21 17:18:00+00:00,44.22,0.02568032786885347,MIDDAY,LOW,2026-05-21 00:00:00+00:00,1,1,0,True,19,compression45_expansion20_1.75x_000145,0.02568032786885347,compression45_expansion20_1.75x
PYPL,2026-05-22 17:30:00+00:00,44.18,0.02326393442623091,MIDDAY,LOW,2026-05-22 00:00:00+00:00,-1,2,0,True,9,compression45_expansion20_1.75x_000146,0.02326393442623091,compression45_expansion20_1.75x
PYPL,2026-06-02 19:17:00+00:00,44.699,0.02327868852459089,LATE_SESSION,LOW,2026-06-02 00:00:00+00:00,1,3,0,True,4,compression45_expansion20_1.75x_000147,0.02327868852459089,compression45_expansion20_1.75x
PYPL,2026-06-03 17:44:00+00:00,42.405,0.032252459016394806,MIDDAY,MID,2026-06-03 00:00:00+00:00,-1,4,0,True,4,compression45_expansion20_1.75x_000148,0.032252459016394806,compression45_expansion20_1.75x
PYPL,2026-06-15 18:35:00+00:00,42.885,0.03406885245901329,LATE_SESSION,MID,2026-06-15 00:00:00+00:00,-1,5,0,True,7,compression45_expansion20_1.75x_000149,0.03406885245901329,compression45_expansion20_1.75x
PYPL,2026-06-16 19:14:00+00:00,43.725,0.02860983606556743,LATE_SESSION,LOW,2026-06-16 00:00:00+00:00,1,6,0,True,13,compression45_expansion20_1.75x_000150,0.02860983606556743,compression45_expansion20_1.75x
PYPL,2026-06-17 18:04:00+00:00,42.89,0.033563934426222686,LATE_SESSION,MID,2026-06-17 00:00:00+00:00,-1,7,0,True,18,compression45_expansion20_1.75x_000151,0.033563934426222686,compression45_expansion20_1.75x
PYPL,2026-07-13 16:26:00+00:00,47.645,0.0425262295081841,MIDDAY,MID,2026-07-13 00:00:00+00:00,1,8,0,True,4,compression45_expansion20_1.75x_000152,0.0425262295081841,compression45_expansion20_1.75x
PYPL,2026-07-22 19:32:00+00:00,55.495,0.028836065573781912,LATE_SESSION,LOW,2026-07-22 00:00:00+00:00,1,9,0,True,2,compression45_expansion20_1.75x_000153,0.028836065573781912,compression45_expansion20_1.75x
PYPL,2026-07-30 19:30:00+00:00,57.74,0.031204918032814975,LATE_SESSION,LOW,2026-07-30 00:00:00+00:00,1,10,0,True,2,compression45_expansion20_1.75x_000154,0.031204918032814975,compression45_expansion20_1.75x
PYPL,2026-07-31 19:43:00+00:00,57.38,0.026406557377074067,LATE_SESSION,LOW,2026-07-31 00:00:00+00:00,1,11,0,True,1,compression45_expansion20_1.75x_000155,0.026406557377074067,compression45_expansion20_1.75x
PYPL,2026-08-06 16:10:00+00:00,58.93,0.04624262295082652,MIDDAY,MID,2026-08-06 00:00:00+00:00,1,12,0,True,17,compression45_expansion20_1.75x_000156,0.04624262295082652,compression45_expansion20_1.75x
PYPL,2026-08-07 18:18:00+00:00,58.9,0.023268852459034966,LATE_SESSION,LOW,2026-08-07 00:00:00+00:00,-1,13,0,True,9,compression45_expansion20_1.75x_000157,0.023268852459034966,compression45_expansion20_1.75x
PYPL,2026-08-11 17:48:00+00:00,59.12,0.02195245901641817,MIDDAY,LOW,2026-08-11 00:00:00+00:00,1,14,0,True,20,compression45_expansion20_1.75x_000158,0.02195245901641817,compression45_expansion20_1.75x
PYPL,2026-08-13 19:04:00+00:00,60.33,0.037570491803285595,LATE_SESSION,LOW,2026-08-13 00:00:00+00:00,1,15,0,True,7,compression45_expansion20_1.75x_000159,0.037570491803285595,compression45_expansion20_1.75x
PYPL,2026-08-14 17:42:00+00:00,59.905,0.021408196721338636,MIDDAY,LOW,2026-08-14 00:00:00+00:00,-1,16,0,True,1,compression45_expansion20_1.75x_000160,0.021408196721338636,compression45_expansion20_1.75x
PYPL,2026-08-14 19:44:00+00:00,62.06,0.07037213114756283,LATE_SESSION,MID,2026-08-14 00:00:00+00:00,1,17,0,True,2,compression45_expansion20_1.75x_000161,0.07037213114756283,compression45_expansion20_1.75x
QCOM,2026-08-12 19:31:00+00:00,163.01,0.10179016393435557,LATE_SESSION,LOW,2026-08-12 00:00:00+00:00,-1,0,0,True,2,compression45_expansion20_1.75x_000162,0.10179016393435557,compression45_expansion20_1.75x
REGN,2026-05-20 19:08:00+00:00,646.475,0.4634288135593224,LATE_SESSION,MID,2026-05-20 00:00:00+00:00,-1,0,0,True,3,compression45_expansion20_1.75x_000163,0.4634288135593224,compression45_expansion20_1.75x
REGN,2026-05-21 16:57:00+00:00,639.81,0.2800280701754322,MIDDAY,LOW,2026-05-21 00:00:00+00:00,-1,1,0,True,8,compression45_expansion20_1.75x_000164,0.2800280701754322,compression45_expansion20_1.75x
REGN,2026-06-02 18:38:00+00:00,596.86,0.29871166666666793,LATE_SESSION,LOW,2026-06-02 00:00:00+00:00,-1,2,0,True,3,compression45_expansion20_1.75x_000165,0.29871166666666793,compression45_expansion20_1.75x
REGN,2026-06-03 19:43:00+00:00,617.46,0.42318474576270587,LATE_SESSION,LOW,2026-06-03 00:00:00+00:00,-1,3,0,True,3,compression45_expansion20_1.75x_000166,0.42318474576270587,compression45_expansion20_1.75x
REGN,2026-06-10 18:06:00+00:00,605.07,0.28867704918037385,LATE_SESSION,LOW,2026-06-10 00:00:00+00:00,-1,4,0,True,3,compression45_expansion20_1.75x_000167,0.28867704918037385,compression45_expansion20_1.75x
REGN,2026-06-11 17:30:00+00:00,617.02,0.38976885245899556,MIDDAY,LOW,2026-06-11 00:00:00+00:00,1,5,0,True,21,compression45_expansion20_1.75x_000168,0.38976885245899556,compression45_expansion20_1.75x
REGN,2026-06-12 17:19:00+00:00,615.395,0.27742372881351973,MIDDAY,LOW,2026-06-12 00:00:00+00:00,1,6,0,True,8,compression45_expansion20_1.75x_000169,0.27742372881351973,compression45_expansion20_1.75x
REGN,2026-06-17 18:12:00+00:00,610.11,0.41611166666671123,LATE_SESSION,LOW,2026-06-17 00:00:00+00:00,-1,7,0,True,9,compression45_expansion20_1.75x_000170,0.41611166666671123,compression45_expansion20_1.75x
REGN,2026-06-24 19:34:00+00:00,625.71,0.2708704918033141,LATE_SESSION,LOW,2026-06-24 00:00:00+00:00,-1,8,0,True,3,compression45_expansion20_1.75x_000171,0.2708704918033141,compression45_expansion20_1.75x
REGN,2026-06-25 17:38:00+00:00,626.735,0.23940862068968335,MIDDAY,LOW,2026-06-25 00:00:00+00:00,-1,9,0,True,2,compression45_expansion20_1.75x_000172,0.23940862068968335,compression45_expansion20_1.75x
REGN,2026-06-25 18:31:00+00:00,624.095,0.27328703703703167,LATE_SESSION,LOW,2026-06-25 00:00:00+00:00,-1,10,0,True,14,compression45_expansion20_1.75x_000173,0.27328703703703167,compression45_expansion20_1.75x
REGN,2026-06-30 19:31:00+00:00,624.125,0.36139672131149814,LATE_SESSION,LOW,2026-06-30 00:00:00+00:00,1,11,0,True,6,compression45_expansion20_1.75x_000174,0.36139672131149814,compression45_expansion20_1.75x
REGN,2026-07-02 18:12:00+00:00,643.345,0.23063559322030938,LATE_SESSION,LOW,2026-07-02 00:00:00+00:00,1,12,0,True,9,compression45_expansion20_1.75x_000175,0.23063559322030938,compression45_expansion20_1.75x
REGN,2026-07-02 19:32:00+00:00,649.57,0.34331333333338987,LATE_SESSION,LOW,2026-07-02 00:00:00+00:00,1,13,0,True,14,compression45_expansion20_1.75x_000176,0.34331333333338987,compression45_expansion20_1.75x
REGN,2026-07-06 19:09:00+00:00,650.25,0.20244576271192796,LATE_SESSION,LOW,2026-07-06 00:00:00+00:00,1,14,0,True,23,compression45_expansion20_1.75x_000177,0.20244576271192796,compression45_expansion20_1.75x
REGN,2026-07-08 18:29:00+00:00,664.905,0.36056363636363875,LATE_SESSION,LOW,2026-07-08 00:00:00+00:00,-1,15,0,True,20,compression45_expansion20_1.75x_000178,0.36056363636363875,compression45_expansion20_1.75x
REGN,2026-07-10 18:32:00+00:00,663.16,0.21427796610170566,LATE_SESSION,LOW,2026-07-10 00:00:00+00:00,1,16,0,True,3,compression45_expansion20_1.75x_000179,0.21427796610170566,compression45_expansion20_1.75x
REGN,2026-07-14 16:23:00+00:00,657.8,0.25534807692292816,MIDDAY,LOW,2026-07-14 00:00:00+00:00,-1,17,0,True,3,compression45_expansion20_1.75x_000180,0.25534807692292816,compression45_expansion20_1.75x
REGN,2026-07-14 18:28:00+00:00,659.37,0.17201923076912023,LATE_SESSION,LOW,2026-07-14 00:00:00+00:00,-1,18,0,True,7,compression45_expansion20_1.75x_000181,0.17201923076912023,compression45_expansion20_1.75x
REGN,2026-07-14 19:32:00+00:00,657.73,0.22738181818180733,LATE_SESSION,LOW,2026-07-14 00:00:00+00:00,-1,19,0,True,2,compression45_expansion20_1.75x_000182,0.22738181818180733,compression45_expansion20_1.75x
REGN,2026-07-15 18:32:00+00:00,663.59,0.2520192307693273,LATE_SESSION,LOW,2026-07-15 00:00:00+00:00,1,20,0,True,6,compression45_expansion20_1.75x_000183,0.2520192307693273,compression45_expansion20_1.75x
REGN,2026-07-17 18:12:00+00:00,673.4,0.27102105263159165,LATE_SESSION,LOW,2026-07-17 00:00:00+00:00,-1,21,0,True,1,compression45_expansion20_1.75x_000184,0.27102105263159165,compression45_expansion20_1.75x
REGN,2026-07-17 19:30:00+00:00,674.28,0.26114406779656824,LATE_SESSION,LOW,2026-07-17 00:00:00+00:00,-1,22,0,True,9,compression45_expansion20_1.75x_000185,0.26114406779656824,compression45_expansion20_1.75x
REGN,2026-07-20 17:31:00+00:00,678.925,0.26131090909085203,MIDDAY,LOW,2026-07-20 00:00:00+00:00,-1,23,0,True,3,compression45_expansion20_1.75x_000186,0.26131090909085203,compression45_expansion20_1.75x
REGN,2026-07-20 19:06:00+00:00,673.52,0.22858245614030206,LATE_SESSION,LOW,2026-07-20 00:00:00+00:00,1,24,0,True,16,compression45_expansion20_1.75x_000187,0.22858245614030206,compression45_expansion20_1.75x
REGN,2026-07-21 18:02:00+00:00,670.161,0.20946037735851655,LATE_SESSION,LOW,2026-07-21 00:00:00+00:00,-1,25,0,True,14,compression45_expansion20_1.75x_000188,0.20946037735851655,compression45_expansion20_1.75x
REGN,2026-07-22 16:33:00+00:00,653.86,0.5673316666667536,MIDDAY,MID,2026-07-22 00:00:00+00:00,-1,26,0,True,7,compression45_expansion20_1.75x_000189,0.5673316666667536,compression45_expansion20_1.75x
REGN,2026-07-24 17:47:00+00:00,663.6525,0.21851666666666628,MIDDAY,LOW,2026-07-24 00:00:00+00:00,-1,27,0,True,17,compression45_expansion20_1.75x_000190,0.21851666666666628,compression45_expansion20_1.75x
REGN,2026-07-28 18:24:00+00:00,686.49,0.2561586206896303,LATE_SESSION,LOW,2026-07-28 00:00:00+00:00,-1,28,0,True,15,compression45_expansion20_1.75x_000191,0.2561586206896303,compression45_expansion20_1.75x
REGN,2026-07-29 19:09:00+00:00,692.905,0.49795999999993606,LATE_SESSION,MID,2026-07-29 00:00:00+00:00,-1,29,0,True,11,compression45_expansion20_1.75x_000192,0.49795999999993606,compression45_expansion20_1.75x
REGN,2026-08-03 19:41:00+00:00,758.56,0.4072983050846541,LATE_SESSION,LOW,2026-08-03 00:00:00+00:00,-1,30,0,True,5,compression45_expansion20_1.75x_000193,0.4072983050846541,compression45_expansion20_1.75x
REGN,2026-08-05 19:07:00+00:00,767.93,0.2652895833332802,LATE_SESSION,LOW,2026-08-05 00:00:00+00:00,-1,31,0,True,13,compression45_expansion20_1.75x_000194,0.2652895833332802,compression45_expansion20_1.75x
REGN,2026-08-06 16:51:00+00:00,764.4,0.2889565217390792,MIDDAY,LOW,2026-08-06 00:00:00+00:00,-1,32,0,True,4,compression45_expansion20_1.75x_000195,0.2889565217390792,compression45_expansion20_1.75x
REGN,2026-08-06 18:25:00+00:00,765.96,0.22558723404259542,LATE_SESSION,LOW,2026-08-06 00:00:00+00:00,1,33,0,True,5,compression45_expansion20_1.75x_000196,0.22558723404259542,compression45_expansion20_1.75x
REGN,2026-08-07 18:19:00+00:00,781.95,0.20252692307685022,LATE_SESSION,LOW,2026-08-07 00:00:00+00:00,-1,34,0,True,1,compression45_expansion20_1.75x_000197,0.20252692307685022,compression45_expansion20_1.75x
REGN,2026-08-07 19:43:00+00:00,785.46,0.317489473684091,LATE_SESSION,LOW,2026-08-07 00:00:00+00:00,1,35,0,True,3,compression45_expansion20_1.75x_000198,0.317489473684091,compression45_expansion20_1.75x
REGN,2026-08-10 16:25:00+00:00,802.38,0.49155172413787207,MIDDAY,LOW,2026-08-10 00:00:00+00:00,1,36,0,True,5,compression45_expansion20_1.75x_000199,0.49155172413787207,compression45_expansion20_1.75x
REGN,2026-08-10 18:36:00+00:00,804.52,0.3396962264150544,LATE_SESSION,LOW,2026-08-10 00:00:00+00:00,1,37,0,True,10,compression45_expansion20_1.75x_000200,0.3396962264150544,compression45_expansion20_1.75x
REGN,2026-08-11 18:03:00+00:00,808.445,0.2484980392156799,LATE_SESSION,LOW,2026-08-11 00:00:00+00:00,1,38,0,True,6,compression45_expansion20_1.75x_000201,0.2484980392156799,compression45_expansion20_1.75x
REGN,2026-08-12 18:01:00+00:00,794.33,0.12439090909079327,LATE_SESSION,LOW,2026-08-12 00:00:00+00:00,1,39,0,True,24,compression45_expansion20_1.75x_000202,0.12439090909079327,compression45_expansion20_1.75x
REGN,2026-08-12 19:27:00+00:00,797.09,0.2752680851063292,LATE_SESSION,LOW,2026-08-12 00:00:00+00:00,-1,40,0,True,13,compression45_expansion20_1.75x_000203,0.2752680851063292,compression45_expansion20_1.75x
REGN,2026-08-13 18:14:00+00:00,808.28,0.4818465517240964,LATE_SESSION,LOW,2026-08-13 00:00:00+00:00,-1,41,0,True,2,compression45_expansion20_1.75x_000204,0.4818465517240964,compression45_expansion20_1.75x
REGN,2026-08-13 19:40:00+00:00,806.25,0.47982203389829475,LATE_SESSION,LOW,2026-08-13 00:00:00+00:00,-1,42,0,True,6,compression45_expansion20_1.75x_000205,0.47982203389829475,compression45_expansion20_1.75x
REGN,2026-08-14 18:01:00+00:00,805.46,0.1896885714286327,LATE_SESSION,LOW,2026-08-14 00:00:00+00:00,1,43,0,True,21,compression45_expansion20_1.75x_000206,0.1896885714286327,compression45_expansion20_1.75x
SBUX,2026-05-18 19:09:00+00:00,106.36,0.07883278688524692,LATE_SESSION,MID,2026-05-18 00:00:00+00:00,1,0,0,True,12,compression45_expansion20_1.75x_000207,0.07883278688524692,compression45_expansion20_1.75x
SBUX,2026-05-20 17:49:00+00:00,107.29,0.07912459016393697,MIDDAY,MID,2026-05-20 00:00:00+00:00,1,1,0,True,14,compression45_expansion20_1.75x_000208,0.07912459016393697,compression45_expansion20_1.75x
SBUX,2026-05-21 17:19:00+00:00,104.19,0.0753081967213122,MIDDAY,MID,2026-05-21 00:00:00+00:00,1,2,0,True,8,compression45_expansion20_1.75x_000209,0.0753081967213122,compression45_expansion20_1.75x
SBUX,2026-05-22 18:48:00+00:00,103.205,0.07271639344262197,LATE_SESSION,MID,2026-05-22 00:00:00+00:00,1,3,0,True,18,compression45_expansion20_1.75x_000210,0.07271639344262197,compression45_expansion20_1.75x
SBUX,2026-06-02 17:10:00+00:00,96.87,0.07613278688524558,MIDDAY,MID,2026-06-02 00:00:00+00:00,-1,4,0,True,10,compression45_expansion20_1.75x_000211,0.07613278688524558,compression45_expansion20_1.75x
SBUX,2026-06-09 19:07:00+00:00,97.72,0.05960655737703933,LATE_SESSION,LOW,2026-06-09 00:00:00+00:00,1,5,0,True,8,compression45_expansion20_1.75x_000212,0.05960655737703933,compression45_expansion20_1.75x
SBUX,2026-06-16 19:41:00+00:00,100.81,0.07174426229507061,LATE_SESSION,MID,2026-06-16 00:00:00+00:00,-1,6,0,True,2,compression45_expansion20_1.75x_000213,0.07174426229507061,compression45_expansion20_1.75x
SBUX,2026-06-17 18:07:00+00:00,99.78,0.06616721311474491,LATE_SESSION,LOW,2026-06-17 00:00:00+00:00,-1,7,0,True,15,compression45_expansion20_1.75x_000214,0.06616721311474491,compression45_expansion20_1.75x
SBUX,2026-06-22 19:21:00+00:00,100.135,0.04769180327867452,LATE_SESSION,LOW,2026-06-22 00:00:00+00:00,-1,8,0,True,1,compression45_expansion20_1.75x_000215,0.04769180327867452,compression45_expansion20_1.75x
SBUX,2026-06-26 19:32:00+00:00,104.41,0.05944426229507371,LATE_SESSION,LOW,2026-06-26 00:00:00+00:00,-1,9,0,True,13,compression45_expansion20_1.75x_000216,0.05944426229507371,compression45_expansion20_1.75x
SBUX,2026-07-07 19:13:00+00:00,103.7,0.054863934426230415,LATE_SESSION,LOW,2026-07-07 00:00:00+00:00,1,10,0,True,6,compression45_expansion20_1.75x_000217,0.054863934426230415,compression45_expansion20_1.75x
SBUX,2026-07-10 19:40:00+00:00,106.29,0.054729508196718686,LATE_SESSION,LOW,2026-07-10 00:00:00+00:00,-1,11,0,True,4,compression45_expansion20_1.75x_000218,0.054729508196718686,compression45_expansion20_1.75x
SBUX,2026-07-13 19:08:00+00:00,107.925,0.05402622950819172,LATE_SESSION,LOW,2026-07-13 00:00:00+00:00,1,12,0,True,2,compression45_expansion20_1.75x_000219,0.05402622950819172,compression45_expansion20_1.75x
SBUX,2026-07-14 18:41:00+00:00,106.61,0.0618655737704945,LATE_SESSION,LOW,2026-07-14 00:00:00+00:00,-1,13,0,True,5,compression45_expansion20_1.75x_000220,0.0618655737704945,compression45_expansion20_1.75x
SBUX,2026-07-15 18:20:00+00:00,105.765,0.05118360655737739,LATE_SESSION,LOW,2026-07-15 00:00:00+00:00,-1,14,0,True,7,compression45_expansion20_1.75x_000221,0.05118360655737739,compression45_expansion20_1.75x
SBUX,2026-07-17 19:03:00+00:00,105.65,0.08176885245900282,LATE_SESSION,MID,2026-07-17 00:00:00+00:00,1,15,0,True,16,compression45_expansion20_1.75x_000222,0.08176885245900282,compression45_expansion20_1.75x
SBUX,2026-07-20 16:40:00+00:00,103.38,0.07475901639344795,MIDDAY,MID,2026-07-20 00:00:00+00:00,-1,16,0,True,13,compression45_expansion20_1.75x_000223,0.07475901639344795,compression45_expansion20_1.75x
SBUX,2026-07-20 19:14:00+00:00,104.23,0.06630327868851293,LATE_SESSION,LOW,2026-07-20 00:00:00+00:00,-1,17,0,True,11,compression45_expansion20_1.75x_000224,0.06630327868851293,compression45_expansion20_1.75x
SBUX,2026-07-22 19:00:00+00:00,103.43,0.05679999999998457,LATE_SESSION,LOW,2026-07-22 00:00:00+00:00,-1,18,0,True,20,compression45_expansion20_1.75x_000225,0.05679999999998457,compression45_expansion20_1.75x
SBUX,2026-07-23 18:54:00+00:00,103.13,0.06419344262293948,LATE_SESSION,LOW,2026-07-23 00:00:00+00:00,-1,19,0,True,6,compression45_expansion20_1.75x_000226,0.06419344262293948,compression45_expansion20_1.75x
SBUX,2026-07-31 17:53:00+00:00,105.84,0.08957540983608285,MIDDAY,MID,2026-07-31 00:00:00+00:00,1,20,0,True,3,compression45_expansion20_1.75x_000227,0.08957540983608285,compression45_expansion20_1.75x
SBUX,2026-08-14 19:33:00+00:00,107.8,0.04570166666669593,LATE_SESSION,LOW,2026-08-14 00:00:00+00:00,-1,21,0,True,2,compression45_expansion20_1.75x_000228,0.04570166666669593,compression45_expansion20_1.75x
TXN,2026-05-15 18:19:00+00:00,305.57,0.17581147540983663,LATE_SESSION,LOW,2026-05-15 00:00:00+00:00,-1,0,0,True,2,compression45_expansion20_1.75x_000229,0.17581147540983663,compression45_expansion20_1.75x
TXN,2026-05-29 17:56:00+00:00,306.93,0.18880491803280225,MIDDAY,LOW,2026-05-29 00:00:00+00:00,-1,1,0,True,3,compression45_expansion20_1.75x_000230,0.18880491803280225,compression45_expansion20_1.75x
TXN,2026-06-17 18:14:00+00:00,302.37,0.38134918032785925,LATE_SESSION,MID,2026-06-17 00:00:00+00:00,-1,2,0,True,6,compression45_expansion20_1.75x_000231,0.38134918032785925,compression45_expansion20_1.75x
TXN,2026-08-11 19:17:00+00:00,279.59,0.1724639344262317,LATE_SESSION,LOW,2026-08-11 00:00:00+00:00,-1,3,0,True,3,compression45_expansion20_1.75x_000232,0.1724639344262317,compression45_expansion20_1.75x
TXN,2026-08-14 19:44:00+00:00,279.715,0.1914573770491039,LATE_SESSION,LOW,2026-08-14 00:00:00+00:00,1,4,0,True,2,compression45_expansion20_1.75x_000233,0.1914573770491039,compression45_expansion20_1.75x
VRTX,2026-05-15 19:33:00+00:00,436.57,0.26353050847457216,LATE_SESSION,LOW,2026-05-15 00:00:00+00:00,-1,0,0,True,5,compression45_expansion20_1.75x_000234,0.26353050847457216,compression45_expansion20_1.75x
VRTX,2026-05-21 17:22:00+00:00,431.91,0.24256949152541984,MIDDAY,LOW,2026-05-21 00:00:00+00:00,1,1,0,True,13,compression45_expansion20_1.75x_000235,0.24256949152541984,compression45_expansion20_1.75x
VRTX,2026-05-22 19:16:00+00:00,434.37,0.23590983606557336,LATE_SESSION,LOW,2026-05-22 00:00:00+00:00,-1,2,0,True,17,compression45_expansion20_1.75x_000236,0.23590983606557336,compression45_expansion20_1.75x
VRTX,2026-05-27 19:05:00+00:00,440.495,0.19928032786884747,LATE_SESSION,LOW,2026-05-27 00:00:00+00:00,-1,3,0,True,13,compression45_expansion20_1.75x_000237,0.19928032786884747,compression45_expansion20_1.75x
VRTX,2026-06-02 17:45:00+00:00,425.01,0.22564918032786468,MIDDAY,LOW,2026-06-02 00:00:00+00:00,-1,4,0,True,6,compression45_expansion20_1.75x_000238,0.22564918032786468,compression45_expansion20_1.75x
VRTX,2026-06-04 18:13:00+00:00,442.155,0.19971499999999195,LATE_SESSION,LOW,2026-06-04 00:00:00+00:00,1,5,0,True,24,compression45_expansion20_1.75x_000239,0.19971499999999195,compression45_expansion20_1.75x
VRTX,2026-06-10 19:09:00+00:00,435.34,0.22116065573772042,LATE_SESSION,LOW,2026-06-10 00:00:00+00:00,-1,6,0,True,16,compression45_expansion20_1.75x_000240,0.22116065573772042,compression45_expansion20_1.75x
VRTX,2026-06-11 17:32:00+00:00,442.555,0.328701639344262,MIDDAY,MID,2026-06-11 00:00:00+00:00,1,7,0,True,17,compression45_expansion20_1.75x_000241,0.328701639344262,compression45_expansion20_1.75x
VRTX,2026-06-17 16:30:00+00:00,463.505,0.36910983606558745,MIDDAY,MID,2026-06-17 00:00:00+00:00,1,8,0,True,1,compression45_expansion20_1.75x_000242,0.36910983606558745,compression45_expansion20_1.75x
VRTX,2026-06-17 18:05:00+00:00,457.245,0.24460862068966388,LATE_SESSION,LOW,2026-06-17 00:00:00+00:00,-1,9,0,True,24,compression45_expansion20_1.75x_000243,0.24460862068966388,compression45_expansion20_1.75x
VRTX,2026-06-30 18:10:00+00:00,498.725,0.3210770491803964,LATE_SESSION,LOW,2026-06-30 00:00:00+00:00,1,10,0,True,2,compression45_expansion20_1.75x_000244,0.3210770491803964,compression45_expansion20_1.75x
VRTX,2026-07-06 19:17:00+00:00,526.3381,0.2458721311475111,LATE_SESSION,LOW,2026-07-06 00:00:00+00:00,-1,11,0,True,22,compression45_expansion20_1.75x_000245,0.2458721311475111,compression45_expansion20_1.75x
VRTX,2026-07-13 18:32:00+00:00,482.02,0.19109454545455679,LATE_SESSION,LOW,2026-07-13 00:00:00+00:00,-1,12,0,True,10,compression45_expansion20_1.75x_000246,0.19109454545455679,compression45_expansion20_1.75x
VRTX,2026-07-20 16:17:00+00:00,486.915,0.2978426229508275,MIDDAY,LOW,2026-07-20 00:00:00+00:00,1,13,0,True,16,compression45_expansion20_1.75x_000247,0.2978426229508275,compression45_expansion20_1.75x
VRTX,2026-07-21 19:04:00+00:00,482.185,0.17814426229504862,LATE_SESSION,LOW,2026-07-21 00:00:00+00:00,1,14,0,True,19,compression45_expansion20_1.75x_000248,0.17814426229504862,compression45_expansion20_1.75x
VRTX,2026-07-22 18:13:00+00:00,475.125,0.17725333333335888,LATE_SESSION,LOW,2026-07-22 00:00:00+00:00,1,15,0,True,4,compression45_expansion20_1.75x_000249,0.17725333333335888,compression45_expansion20_1.75x
VRTX,2026-07-23 19:13:00+00:00,473.86,0.20286557377045536,LATE_SESSION,LOW,2026-07-23 00:00:00+00:00,-1,16,0,True,4,compression45_expansion20_1.75x_000250,0.20286557377045536,compression45_expansion20_1.75x
VRTX,2026-07-27 19:39:00+00:00,479.37,0.23350655737708548,LATE_SESSION,LOW,2026-07-27 00:00:00+00:00,1,17,0,True,7,compression45_expansion20_1.75x_000251,0.23350655737708548,compression45_expansion20_1.75x
VRTX,2026-07-28 18:24:00+00:00,485.82,0.20781666666665236,LATE_SESSION,LOW,2026-07-28 00:00:00+00:00,-1,18,0,True,1,compression45_expansion20_1.75x_000252,0.20781666666665236,compression45_expansion20_1.75x
VRTX,2026-07-30 19:15:00+00:00,479.78,0.2776688524590711,LATE_SESSION,LOW,2026-07-30 00:00:00+00:00,1,19,0,True,1,compression45_expansion20_1.75x_000253,0.2776688524590711,compression45_expansion20_1.75x
VRTX,2026-07-31 19:28:00+00:00,478.28,0.15953559322030234,LATE_SESSION,LOW,2026-07-31 00:00:00+00:00,1,20,0,True,18,compression45_expansion20_1.75x_000254,0.15953559322030234,compression45_expansion20_1.75x
VRTX,2026-08-05 19:14:00+00:00,482.35,0.20159836065580689,LATE_SESSION,LOW,2026-08-05 00:00:00+00:00,-1,21,0,True,1,compression45_expansion20_1.75x_000255,0.20159836065580689,compression45_expansion20_1.75x
VRTX,2026-08-06 19:30:00+00:00,484.36,0.2496606557377491,LATE_SESSION,LOW,2026-08-06 00:00:00+00:00,-1,22,0,True,9,compression45_expansion20_1.75x_000256,0.2496606557377491,compression45_expansion20_1.75x
VRTX,2026-08-10 19:21:00+00:00,521.06,0.4263245901640373,LATE_SESSION,MID,2026-08-10 00:00:00+00:00,-1,23,0,True,3,compression45_expansion20_1.75x_000257,0.4263245901640373,compression45_expansion20_1.75x
VRTX,2026-08-11 19:11:00+00:00,529.94,0.1977338983050362,LATE_SESSION,LOW,2026-08-11 00:00:00+00:00,-1,24,0,True,16,compression45_expansion20_1.75x_000258,0.1977338983050362,compression45_expansion20_1.75x
VRTX,2026-08-12 16:29:00+00:00,528.9,0.1883571428570901,MIDDAY,LOW,2026-08-12 00:00:00+00:00,-1,25,0,True,4,compression45_expansion20_1.75x_000259,0.1883571428570901,compression45_expansion20_1.75x
VRTX,2026-08-14 16:14:00+00:00,507.66,0.2729637931034349,MIDDAY,LOW,2026-08-14 00:00:00+00:00,-1,26,0,True,8,compression45_expansion20_1.75x_000260,0.2729637931034349,compression45_expansion20_1.75x
VRTX,2026-08-14 18:36:00+00:00,507.4,0.15031698113204395,LATE_SESSION,LOW,2026-08-14 00:00:00+00:00,-1,27,0,True,5,compression45_expansion20_1.75x_000261,0.15031698113204395,compression45_expansion20_1.75x
