condition,permitted_or_forbidden,present_in_shadow_ledger_source,test,result
approved_strategy,permitted,yes (via decision.recommendation==BUY, which requires StrategyApprovalStatus.APPROVED),test_task78i_shadow_independence.py::test_identical_decision_content_produces_identical_shadow_behaviour_regardless_of_paper_enabled,PASSED
valid_deterministic_recommendation,permitted,yes (consider_entry gated on Recommendation.BUY),test_task77i_shadow_ledger.py::test_watch_hold_no_trade_never_become_hypothetical_entries,PASSED
required_data_readiness,permitted,yes (indirectly -- decide() only returns BUY when DataReadiness.READY),test_task77i_decision_engine_wiring.py::test_data_insufficient_would_be_no_trade_with_explicit_reason,PASSED
paper_entry_enabled,forbidden,NO -- zero references anywhere in shadow_ledger.py source,test_task78i_shadow_independence.py::test_source_never_references_paper_entry_enabled_or_broker_or_lifecycle,PASSED
broker_availability,forbidden,NO -- zero import/reference of AlpacaPaperClient/broker.*,test_task78i_shadow_independence.py::test_source_never_references_paper_entry_enabled_or_broker_or_lifecycle,PASSED
paper_submission_success,forbidden,NO -- order_intent never referenced,test_task77i_alert_shadow_independence.py::test_broker_rejection_never_prevents_notification_or_shadow,PASSED
paper_fill_success,forbidden,NO -- apply_broker_update never referenced,test_task78i_shadow_independence.py::test_source_never_references_paper_entry_enabled_or_broker_or_lifecycle,PASSED
identical_decision_paper_enabled_vs_disabled,byte-identical outcome required,confirmed,test_task78i_shadow_independence.py::test_identical_decision_content_produces_identical_shadow_behaviour_regardless_of_paper_enabled,PASSED
shadow_can_authorise_broker_sell,must be structurally impossible,confirmed (on_bar/force_close both return None; zero broker method calls anywhere in module),test_task78i_shadow_independence.py::test_shadow_never_authorises_a_broker_sell_structurally,PASSED
